,,,,,,,,,,,,,,,,,,,
,,,,,,,,,,,,,,,,,,,
BRAND,TYPE MODEL,CC,TRANS,FUEL,TANK CAPT,GVW (Kg),GEAR RATIO,WHEEL & TYRE SIZE,PS / HP,WHEEL BASE,"DIMENSION
P x L xT",SEATER,DRIVE SYS.,,SPEED,DOOR,WHEELS,CBU / CKD,ORIGIN COUNTRY
HONDA,All New  City  IVTEC E AT,1497,CVT,G,40,-,-,16 x  6J,120,2600,4442 x  1694 x  1477,5,4X2,FF,-,4,4,CBU,Thailand
,All New  City  IVTEC ES AT,1497,AT,G,40,-,-,16 x  6J,120,2600,4442 x  1694 x  1477,5,4X2,FF,-,4,4,CBU,Thailand
,All New  Civic,1500,CVT,G,57,1285,-,-,141,2700,4542 x  1755 x  1435,5,4X2,FF,-,4,4,CBU,Thailand
,All New  Civic  Prestige,1500,AT,G,57,1285,-,-,141,2700,4542 x  1755 x  1435,5,4X2,FF,-,4,4,CBU,Thailand
HYUNDAI - HIM,Excel III,1400,MT,G,-,-,-,-,-,-,-,-,4X2,FR,-,4,4,CKD,INA
,Ioniq EV,-,AT,EV,-,1970,-,-,-,-,-,5,4X2,-,0,4,4,CBU,Korea
HYUNDAI - HMID,Ioniq EV  Prime,-,AT,EV,-,1970,-,205/60/R16,-,2700,4470 x  1820 x  1475,5,4X2,-,-,5,4,CBU,South Korea
,Ioniq EV  Signature,-,AT,EV,-,1970,-,205/60/R16,-,2700,4470 x  1820 x  1475,5,4X2,-,-,5,4,CBU,South Korea
MERCEDES-BENZ - PC,A  200 Sedan (V177),1332,AT,G,-,-,-,-,-,-,-,-,-,-,-,-,-,CBU,IND
,CLA  200 AMG Line (C118),1332,AT,G,43,1950,7,225/45 R18,163,2729,"4,695 x  1,999 x  1430",5,4X2,FF,-,4,4,CBU,IND
TOYOTA,Prius,1500,AT,G,45,1420,3267,195/65 R15,73 / 5200,2700,4460X1745X1480,5,4X2,FF,-,4,4,CBU,Japan
,Limo Taxi,1500,MT,G,42,1035,-,185/60 R15,109 / 6000,2550,4410X1700X1475,5,4X2,FF,-,4,4,CKD,INA
,Vios  E,1500,MT,G,42,1050,-,185/60 R15,109 / 6000,2550,4410X1700X1475,5,4X2,FF,-,4,4,CKD,INA
,Vios  E AT,1500,AT,G,42,1055,-,185/60 R15,109 / 6000,2550,4410X1700X1475,5,4X2,FF,-,4,4,CKD,INA
,Vios  G,1500,MT,G,42,1060,-,195/50 R16,109 / 6000,2550,4410X1700X1475,5,4X2,FF,-,4,4,CKD,INA
,Vios  G AT,1500,AT,G,42,1080,-,195/50 R16,109 / 6000,2550,4410X1700X1475,5,4X2,FF,-,4,4,CKD,INA
,,,,,,,,,,,,,,,,,,,
AUDI,A4 2.0 quattro TFSI  A/T,1984,AT,G,63,1485,4436,245/40/R18,211,2808,4701 x  1826 x  1427,5,4X4,4WD,240,4,4,CBU,Germany
,A6 2.0TFSI AT,1984,AT,G,65,1635,3667,245/45/R18,180,2912,4915 x  1874 x  1455,5,4X2,FF,226,4,4,CKD,INA
,A6 3.0 Quattro AT,2995,AT,G,75,1815,3692,255/40/R19,300,2912,4915 x  1874 x  1455,5,4X4,4WD,250,4,4,CBU,Germany
BMW,8A36 320I,2000,AT,G,-,-,-,-,-,-,-,-,4X2,-,-,5,4,CKD,INA
,8C76 320D,2000,AT,G,-,-,-,-,-,-,-,-,4X2,-,-,5,4,CKD,INA
,8A96 330I,2000,AT,G,-,-,-,-,-,-,-,-,4X2,-,-,5,4,CKD,INA
,2U72 M2 Competition,2979,AT,G,52,-,-,-,-,-,-,-,4X2,-,-,4,4,-,-
,1J32 M2 CS,2979,AT,G,-,-,-,-,-,-,-,-,4X2,-,-,-,4,CBU,Germany
,12AL M235I XDRIVE,1998,AT,G,-,-,-,-,-,-,-,-,4X2,-,-,-,4,CBU,Germany
,4V32 430I,1997,AT,G,-,2070,-,-,-,-,-,-,4X2,-,-,2,4,CBU,Germany
,HF32 Z4 SDRIVE30I,2000,AT,G,-,-,-,-,-,-,-,-,4X2,-,-,4,4,CBU,Germany
,6K32 320I,1998,MT,G,-,-,-,-,-,-,-,-,4X2,-,0,0,4,CBU,Germany
,JA52 530i,2000,AT,G,-,-,-,-,-,-,-,-,4X2,-,-,4,4,CBU,Germany
,JA16 520I,2000,AT,G,60,-,-,-,-,-,-,-,4X2,FR,-,4,4,-,-
,JA56 530i,2000,AT,G,-,-,-,-,-,-,-,-,4X2,-,-,4,4,CBU,Germany
,JA92 530E IPERFORMANCE,1998,MT,G,-,-,-,-,-,-,-,-,4X2,-,-,-,4,CBU,Germany
,12AG 530E,1998,MT,G,-,-,-,-,-,-,-,-,4X2,-,0,0,4,CBU,Germany
,JR16 520I,1998,AT,G,-,-,-,-,-,-,-,-,4X2,-,-,0,4,CKD,INA
,JV22 630I,2000,AT,G,-,-,-,-,-,-,-,-,4X2,-,-,4,4,-,-
,5R12 330I,1998,AT,G,-,-,-,-,-,-,-,-,4X2,-,-,4,4,CBU,Germany
,JR36 530I,1998,AT,G,-,-,-,-,-,-,-,-,4X2,-,-,4,4,CKD,Indonesia
,5Z36 330I,1998,AT,G,-,-,-,-,-,-,-,-,4X2,-,-,4,4,CKD,Indonesia
,JX62 630I,2000,AT,G,-,-,-,-,-,-,-,-,4X2,-,-,4,4,-,-
,22BP 630I,1998,AT,G,-,-,-,-,-,-,-,-,4X2,-,0,0,4,CBU,Germany
,7T06 730LI,3000,AT,G,-,-,-,-,-,-,-,-,4X2,-,-,4,4,CBU,Germany
,5Z16 320I,2000,AT,G,-,-,-,-,-,-,-,-,4X2,-,-,5,4,CKD,INA
,JR12 520I,1998,AT,G,-,-,-,-,-,-,-,-,4X2,-,-,4,4,CKD,Indonesia
,7T22 740LI,2998,AT,G,-,-,-,-,-,-,-,-,4X2,-,-,-,4,CBU,Germany
,7E26 740LI,2979,AT,G,-,-,-,-,-,-,-,-,4X2,-,-,4,-,CKD,INA
,740LI,2998,AT,G,-,-,-,-,-,-,-,-,4X2,-,-,4,4,-,-
,AE22 840I,2998,AT,G,-,-,-,-,-,-,-,-,-,-,-,-,4,CBU,Germany
HYUNDAI - HIM,All New  Sonata GLS,2400,AT,G,70,2030,-,-,-,-,4820 x  1835 x  1470,4,4X2,-,-,4,4,CBU,Korea
HONDA,New  ACCORD VTi-L,2354,CVT,G,65,1525,-,-,176,2275,4870 x  1850 x  1465,5,4X2,FF,-,4,4,CBU,Thailand
LEXUS,Lexus  ES 250 H,2494,AT,G,-,-,-,-,181 / 6000,0,4900X1820X1450,4,4X2,FR,0,4,4,CBU,Japan
,Lexus  ES 300 H,2494,AT,G,65,-,-,215 / 55 R17,202 / 5700,2820,4900X1820X1450,4,4X2,FR,0,4,4,CBU,Japan
MAZDA,MX-5 RF,1999,AT,G,50,-,3863,205/45R17,160,2330,4020 x  1720 x  1255,2,4X2,FF,-,4,4,CBU,Japan
,All New  Mazda 3 Sedan,1998,AT,G,51,-,-,215/45R18,155,2725,"4,660 x  1,795 x  1,440",5,4X2,FF,-,5,4,CBU,Japan
,All-new  Mazda 6,2488,AT,G,64,-,4056,225/45R19,187,2830,4865 x  1840 x  1450,5,4X2,FF,-,4,4,CBU,Japan
,All-new  Mazda 6 Elite,2488,AT,G,64,-,4056,225/45R19,187,2830,4865 x  1840 x  1450,5,4X2,FF,-,4,4,CBU,Japan
MERCEDES-BENZ - PC,CLA  200 AMG Line (C117),1556,AT,G,50,1920,7,225/40 R18,156,2669,"4,669 x  2,032 x  1,427",5,4X2,FF,-,4,4,CBU,IND
,C180,1991,AT,G,41,2030,7,225/50 R17,184,2840,"4,686 x  2,020 x  1,442",5,4X2,FR,-,4,4,CKD,IND
,C 200,1991,AT,G,41,2030,7,225/50 R17,184,2840,"4,686 x  2,020 x  1,442",5,4X2,FR,-,4,4,CKD,IND
,C 200 AVA,1991,AT,G,66,2030,9,"225/45, 245/40 R18",184,2840,"4,686 x  2,020 x  1,442",5,4X2,FR,-,4,4,CKD,IND
,C 250 AMG,1991,AT,G,66,2045,7,"225/45, 245/40 R18",211,2840,"4,702 x  2,020 x  1,432",5,4X2,FR,-,4,4,CKD,IND
,C 300 AMG,1991,AT,G,66,2135,9,"225/45, 245/40 R18",258,2840,"4,702 x  2,020 x  1,432",5,4X2,FR,-,4,4,CKD,IND
,E 200 AVA,1991,AT,G,66,2265,9,245/45 R18,184,2939,"4,686 x  2,065 x  1,468",5,4X2,FR,-,4,4,CKD,IND
,E 300 AVA,1991,AT,G,66,2395,9,245/45 R18,258,2939,"4,686 x  2,065 x  1,468",5,4X2,FR,-,4,4,CKD,IND
,E 350 AMG,1991,AT,G,66,2410,9,"245/40, 275/35 R19",299,2939,"4,702 x  2,065 x  1,452",5,4X2,FR,-,4,4,CKD,IND
,S 450,2996,AT,G,80,2700,9,"245/45, 275/40 R19",367,3165,"5,255 x  2,130 x  1,494",5,4X2,FR,-,4,4,CKD,IND
,C 200 Estate,1991,AT,G,66,2190,9,245/45 R18,204,2840,"4,702 x  2,020 x  1,457",5,4X2,FR,-,5,4,CBU,IND
,C 200 Cabrio,1991,AT,G,66,2190,9,245/45 R18,204,2840,"4,702 x  2,020 x  1,457",5,4X2,FR,-,5,4,CBU,IND
,C 300 Coupe,1991,AT,G,66,2110,9,"225/40, 255/35 R19",258,2840,"4,696 x  2,016 x  1,408",4,4X2,FR,-,2,4,CBU,IND
,C 200 Coupe,1991,AT,G,66,2190,9,245/45 R18,204,2840,"4,702 x  2,020 x  1,457",5,4X2,FR,-,5,4,CBU,-
,E 300 Coupe,1991,AT,G,66,2320,9,"245/40, 275/35 R19",258,2873,"4,846 x  2,065 x  1,431",4,4X2,FR,-,2,4,CBU,-
,E 300 ( CBU ),1991,AT,G,66,2110,9,"225/40, 255/35 R19",258,2840,"4,696 x  2,016 x  1,408",4,4X2,FR,-,2,4,CBU,IND
,S 450 (CBU),3000,-,G,-,-,-,-,-,-,-,-,-,-,-,-,-,CBU,-
,CLS 350 AMG,1991,AT,G,66,2410,9,"245/35, 275/30 R20",299,2939,"4,996 x  2,069 x  1,436",5,4X2,FR,-,4,4,CBU,-
TOYOTA,All New  Corolla Altis  G,1800,MT,G,55,1250,4,205/55R16,151 / 6400,2700,4620X1776X1460,5,4X2,FF,-,4,4,CBU,Thailand
,All New  Corolla Altis  i.8 G AT,1800,AT,G,55,1250,4,205/55R16,151 / 6400,2700,4620X1776X1460,5,4X2,FF,-,4,4,CBU,Thailand
,All New  Corolla Altis  V  AT,1800,AT,G,55,1270,5,21545R17,151 / 6400,2700,4620X1776X1460,5,4X2,FF,-,4,4,CBU,Thailand
,All New Corolla Altis 1.8 Hybrid AT,"1,800",AT,HYBRI,55,"1,250",4,205/55R16,151 / 6400,"2,700",4620X1776X1460,5,4X2,FF,-,4,4,CBU,Thailand
,All New  Camry  2.5 G,2500,AT,G,70,1465,3815,215/60R16,181 / 6000,2775,4825X1825X1470,5,4X2,FF,-,4,4,CBU,Thailand
,All New  Camry  2.5 V,2500,AT,G,70,1465,3815,215/55R17,181 / 6000,2775,4825X1825X1470,5,4X2,FF,-,4,4,CBU,Thailand
,All New  Camry  2.5 Hybrid Mi,2500,AT,HYBRID,65,1625,3542,215/55R17,156.6 /5700,2775,4825X1825X1470,5,4X2,FF,-,4,4,CBU,Thailand
,86 AT,2000,AT,G,50,-,-,215/45/R17,147 / 6.800,2570,4240X1775X1285,5,4X2,FR,-,4,4,CBU,Japan
,86 TRD,2000,AT,G,50,-,-,215/45/R17,147 / 6.800,2570,4240X1775X1285,5,4X2,FR,-,4,4,CBU,Japan
,86 Aero,2000,AT,G,50,-,-,215/45/R17,147 / 6.800,2570,4240X1775X1285,5,4X2,FR,-,4,4,CBU,Japan
,Crow n 2.5 Hybrid,2500,AT,HYBRID,-,-,-,-,-,-,-,5,4X2,FR,-,4,4,CBU,Japan
,Supra 3.0 A/T,2459,AT,G,50,-,-,-,-,-,-,5,4X2,FR,6,4,4,CBU,Japan
,86 MT,2000,MT,G,50,-,-,215/45/R17,147 / 6.800,2570,4240X1775X1285,5,4X2,FR,-,4,4,CBU,Japan
TOTAL,,,,,,,,,,,,,,,,,,,
CUMULATIVE,,,,,,,,,,,,,,,,,,,
,,,,,,,,,,,,,,,,,,,
AUDI,RS4 4.2 AT,4200,AT,G,61,-,-,265/30/R20,450,2813,4719 x  1850 x  1416,5,4X4,4WD,250,4,4,CBU,Germany
BMW,7E06 730LI,2993,AT,D,-,-,-,-,-,-,-,-,4X2,-,-,4,4,CKD,INA
,JF02 M5,4400,AT,G,-,-,-,-,-,-,-,-,4X2,-,-,4,4,CBU,Germany
,BC42 M850I XDRIVE,4400,AT,G,-,-,-,-,-,-,-,-,4X2,-,-,4,4,CBU,Germany
,GV22 840I,4395,AT,G,-,-,-,-,-,-,-,-,-,-,-,-,4,CBU,Germany
,GV02 M8,4400,AT,G,-,-,-,-,-,-,-,-,4X2,-,-,4,4,CBU,Germany
,AE02 M8,4395,AT,G,-,-,-,-,-,-,-,-,4X2,-,-,-,4,CBU,Germany
,2Z62 I8,2993,AT,HYBRID,-,-,-,-,-,-,-,-,4X2,-,-,4,4,-,-
HYUNDAI - HIM,Genesis,3800,AT,G,-,-,-,-,-,-,-,4,4X2,-,-,4,4,CBU,Korea
LEXUS,Lexus  LS 500,3445,AT,G,0,2760,-,245 / 45 R20,-,3125,5235X1900X1450,4,4X2,FR,10,4,4,CBU,Japan
MERCEDES-BENZ - PC,E 53 4 Matic  Estate (S213)*,3982,-,-,-,-,-,-,-,-,-,-,-,-,-,-,-,CBU,-
,C 43 Coupe (C205)*,3982,-,-,-,-,-,-,-,-,-,-,-,-,-,-,-,CBU,-
,C 43 Estate 4M (S205)*,3982,-,-,-,-,-,-,-,-,-,-,-,-,-,-,-,CBU,-
,C 43 (W205),3982,-,-,-,-,-,-,-,-,-,-,-,-,-,-,-,CBU,-
,GT 53 4MATIC+ (X290)*,3982,-,-,-,-,-,-,-,-,-,-,-,-,-,-,-,CBU,-
,S 560 (X222)*,3982,-,-,-,-,-,-,-,-,-,-,-,-,-,-,-,CBU,-
TOTAL,,,,,,,,,,,,,,,,,,,
CUMULATIVE,,,,,,,,,,,,,,,,,,,
,,,,,,,,,,,,,,,,,,,
,,,,,,,,,,,,,,,,,,,
,,,,,,,,,,,,,,,,,,,
,,,,,,,,,,,,,,,,,,,
,,,,,,,,,,,,,,,,,,,
BRAND,TYPE MODEL,CC,TRANS,FUEL,TANK CAPT,GVW (Kg),GEAR RATIO,WHEEL & TYRE SIZE,PS / HP,WHEEL BASE,"DIMENSION
P x L xT",SEATER,DRIVE SYS.,,SPEED,DOOR,WHEELS,CBU / CKD,ORIGIN COUNTRY
AUDI,A3 1.2 TFSI A/T,1275,AT,G,63,1455,3400,225/50/R17,170,2808,4701 x  1826 x  1427,5,4X2,FF,225,4,4,CBU,Germany
BMW,YH12 X2 SDRIVE18I,1500,AT,-,-,-,-,-,-,-,-,-,4X2,FF,-,-,-,CBU,Germany
,8P62 I3 120,-,AT,HYBRID,-,-,-,-,-,-,-,-,-,-,-,-,-,CBU,Germany
,32AA  X1 SDRIVE18I,1499,AT,G,-,-,-,-,-,-,-,-,4X2,FF,-,-,4,CBU,Germany
CHEVROLET,Aveo 1.4 LT,1398,AT,G,-,-,-,-,-,-,-,-,4X2,FF,-,-,-,CBU,Thailand
,Spark 1.4L,1400,AT,G,-,-,-,-,-,-,-,-,4X2,-,-,-,-,CBU,South Korea
,Trax  1.4L,1398,AT,G,-,-,-,-,-,-,-,-,4X2,FF,-,-,-,CBU,South Korea
DAIHATSU,Grand New  Xenia 1.3 X MT,1329,MT,G,45,1120,5125,185/70R14,97,2655,4190X1660X1695,7,4X2,FR,0,5,4,CKD,INA
,Grand New  Xenia 1.3 X AT,1329,AT,G,45,1130,5571,185/70R14,97,2655,4190X1660X1695,7,4X2,FR,0,5,4,CKD,INA
,Grand New  Xenia 1.3 R MT,1329,MT,G,45,1110,5125,185/70R14,97,2655,4190X1660X1695,7,4X2,FR,0,5,4,CKD,INA
,Grand New  Xenia 1.3 R AT,1329,AT,G,45,1120,5571,185/70R14,97,2655,4190X1660X1695,7,4X2,FR,0,5,4,CKD,INA
,Grand New  Xenia 1.5 R MT,1496,MT,G,45,1120,4875,185/70R14,104,2655,4190X1660X1695,7,4X2,FR,0,5,4,CKD,INA
,Grand New  Xenia 1.5 R AT,1496,AT,G,45,1130,5125,185/70R14,104,2655,4190X1660X1695,7,4X2,FR,0,5,4,CKD,INA
,All New  Sirion 1.3 MT 2018,1298,MT,G,40,930,4267,175/65R14,90,2440,3690X1665X1545,5,4X2,FF,-,5,4,CBU,Malaysia
,All New  Sirion 1.3 AT 2018,1298,AT,G,40,940,4032,175/65R14,90,2440,3690X1665X1545,5,4X2,FF,-,5,4,CBU,Malaysia
,All New  Sirion 1.3 MT 2020,1298,MT,G,40,930,4267,175/65R14,90,2440,3690X1665X1545,5,4X2,FF,-,5,4,CBU,Malaysia
,All New  Sirion 1.3 AT 2020,1298,AT,G,40,940,4032,175/65R14,90,2440,3690X1665X1545,5,4X2,FF,-,5,4,CBU,Malaysia
,Gran Max  BV,1298,MT,G,43,2000,5125,165R13-8PR,88,2650,4045X1665X1900,2,4X2,FR,-,5,4,CKD,INA
,"Gran Max  BV  1,5",1500,MT,G,43,2000,5125,165R13-8PR,88,2650,4045X1665X1900,2,4X2,FR,-,5,4,CKD,INA
,Gran Max  HI FF,1298,MT,G,43,1840,5125,165R13-8PR,88,2650,4045X1665X1900,8,4X2,FR,-,5,4,CKD,INA
,Gran Max  HI,1298,MT,G,43,1840,5125,165R13-8PR,88,2650,4045X1665X1900,9,4X2,FR,-,5,4,CKD,INA
,Gran Max  HI,1495,MT,G,43,1840,4875,165R13-8PR,88,2650,4045X1665X1900,9,4X2,FR,-,5,4,CKD,INA
,Luxio 1.5 D (New ),1495,MT,G,43,1290,5152,195/65R15,97,2650,4215X1710X1915,8,4X2,FR,-,5,4,CKD,INA
,Luxio 1.5 X MT (New ),1495,MT,G,43,1320,5152,195/65R15,97,2650,4215X1710X1915,8,4X2,FR,-,5,4,CKD,INA
,Luxio 1.5 X AT (New ),1495,AT,G,43,1320,5152,195/65R15,97,2650,4215X1710X1915,8,4X2,FR,-,5,4,CKD,INA
,All New  Terios  X MT,1496,MT,G,45,1245,5571,215/65/R16,104,2685,4435X1695X1705,7,4X2,FR,-,5,4,CKD,INA
,All New  Terios  X AT,1496,AT,G,45,1255,5857,215/65/R16,104,2685,4435X1695X1705,7,4X2,FR,-,5,4,CKD,INA
,All New  Terios  R,1496,MT,G,45,1260,5571,215/60/R17,104,2685,4435X1695X1705,7,4X2,FR,-,5,4,CKD,INA
,All New  Terios  R,1496,AT,G,45,1270,5857,215/60/R17,104,2685,4435X1695X1705,7,4X2,FR,-,5,4,CKD,INA
,All New  Terios  Custom MT,1496,MT,G,45,1260,5571,215/60/R17,104,2685,4435X1695X1705,7,4X2,FR,0,5,4,CKD,INA
,All New  Terios  Custom AT,1496,AT,G,45,1270,5857,215/60/R17,104,2685,4435X1695X1705,7,4X2,FR,0,5,4,CKD,INA
DFSK,GLORY  I-AUTO,1498,AT,G,58,2035,-,225/60R17,150,2780,4680 X 1845 X 1715,7,4X2,FF,-,4,4,CBU,INA
,GLORY  580 1.5T A/T CVT COMFORT,1498,AT,G,58,2035,-,226/60R17,150,2780,4680 X 1845 X 1715,7,4X2,FF,-,4,4,CKD,INA
,GLORY  580 1.5 M/T COMFORT,1498,MT,G,58,2035,-,225/60R17,150,2780,4680 X 1845 X 1715,7,4X2,FF,-,4,4,CKD,INA
,GLORY  580 1.5T M/T LUXURY,1498,MT,G,58,2035,-,226/60R17,150,2780,4680 X 1845 X 1715,7,4X2,FF,-,4,4,CKD,INA
,GLORY  580 1.5T A/T CVT LUXURY,1498,AT,G,58,2035,-,226/60R17,150,2780,4680 X 1845 X 1715,7,4X2,FF,-,4,4,CKD,INA
,GLORY  560 1.5T 6M/T BASIC,1498,MT,G,50,2005,-,215/60R17,150,2690,4515 X 1815 X 1735,7,4X2,FF,-,4,4,CKD,INA
,GLORY  560 1.5T 6M/T COMFORT,1498,MT,G,50,2005,-,215/60R17,150,2690,4515 X 1815 X 1735,7,4X2,FF,-,4,4,CKD,INA
,GLORY  560 1.5T 6M/T LUXURY,1498,MT,G,50,2005,-,215/60R17,150,2690,4515 X 1815 X 1735,7,4X2,FF,-,4,4,CKD,INA
,GLORY  560 1.5T A/T CVT LUXURY,1498,AT,G,50,2005,-,215/60R17,150,2690,4515 X 1815 X 1735,7,4X2,FF,-,4,4,CKD,INA
,GELORA  Blind Van (4X2) M/T,1498,MT,G,55,-,-,185/80 R14,109,3050,4500 X 1680 X 2000,2,4X2,FR,-,4,4,CKD,INA
,GELORA  C36 MINI BUS 1.5 (4X2) M/T,1498,MT,G,55,-,-,185/80 R14,109,3050,4500 X 1680 X 2000,2,4X2,FR,-,4,4,CKD,INA
HONDA,Brio RS,1198,MT,G,35,960,-,-,88,2345,3610 x  1680 x  1485,5,4X2,FF,-,5,4,CKD,INA
,Brio RS,1198,CVT,G,35,960,-,-,88,2345,3610 x  1680 x  1485,5,4X2,FF,-,5,4,CKD,INA
,All New  CR-V,1500,CVT,G,58,-,-,-,-,-,-,-,4X2,FF,-,5,4,CKD,INA
,All New  CR-V  Prestige,1500,CVT,G,58,-,-,-,-,-,-,-,4X2,FF,-,5,4,CKD,INA
,HR-V  A,1497,MT,G,40,-,-,-,-,-,-,5,4X2,FF,-,5,4,CKD,INA
,HR-V  S,1497,MT,G,40,-,-,-,-,-,-,5,4X2,FF,-,5,4,CKD,INA
,HR-V  S,1497,CVT,G,40,-,-,-,-,-,-,5,4X2,FF,-,5,4,CKD,INA
,HR-V  E,1497,CVT,G,40,-,-,-,-,-,-,5,4X2,FF,-,5,4,CKD,INA
,HR-V  E+,1497,CVT,G,40,-,-,-,-,-,-,5,4X2,FF,-,5,4,CKD,INA
,CIVIC 5D E,1500,CVT,G,65,1322,-,17 x  7J,-,2700,4501 x  2075 x  1421,-,4X2,FF,-,5,4,CBU,Thailand
,All New  Jazz  S 15,1497,CVT,G,42,-,-,16 x  6J,120,2500,3920 x  1695 x  1525,5,4X2,FF,-,5,4,CKD,INA
,All New  Jazz  RS 15,1497,MT,G,42,-,-,16 x  6J,120,2500,3920 x  1695 x  1525,5,4X2,FF,-,5,4,CKD,INA
,All New  Jazz  RS 15,1497,CVT,G,42,-,-,16 x  6J,120,2500,3920 x  1695 x  1525,5,4X2,FF,-,5,4,CKD,INA
,New  Mobilio S,1497,MT,G,42,-,-,15,118,2650,4386 x  1683 x  1603,7,4X2,FF,-,5,4,CKD,INA
,New  Mobilio E,1497,MT,G,42,-,-,15,118,2650,4386 x  1683 x  1603,7,4X2,FF,-,5,4,CKD,INA
,New  Mobilio E,1497,CVT,G,42,-,-,15,118,2650,4386 x  1683 x  1603,7,4X2,FF,-,5,4,CKD,INA
,New  Mobilio RS,1497,MT,G,42,-,-,15,118,2650,4386 x  1683 x  1603,7,4X2,FF,-,5,4,CKD,INA
,New  Mobilio RS,1497,CVT,G,42,-,-,15,118,2650,4386 x  1683 x  1603,7,4X2,FF,-,5,4,CKD,INA
,BR-V  S,1500,MT,G,42,-,-,-,-,-,-,7,4X2,FF,-,5,4,CKD,INA
,BR-V  E+,1500,MT,G,42,-,-,-,-,-,-,7,4X2,FF,-,5,4,CKD,INA
,BR-V  E+,1500,CVT,G,42,-,-,-,-,-,-,7,4X2,FF,-,5,4,CKD,INA
,BR-V  E Prestige,1500,CVT,G,42,-,-,-,-,-,-,7,4X2,FF,-,5,4,CKD,INA
HYUNDAI - HIM,Grand i10,1200,MT,G,35,-,-,-,-,-,-,-,4X2,FF,-,4,4,CBU,India
KIA,Picanto EX,1248,AT,G,35,1350,4336,165/60 R14,"64,4/6000 (kW/rpm)",2385,3592 x  1595 x  1480,5,4X2,FF,-,5,4,CBU,Korea
,Picanto EX,1248,MT,G,35,1350,4056,165/60 R14,"64,4/6000 (kW/rpm)",2385,3592 x  1595 x  1480,5,4X2,FF,-,5,4,CBU,Korea
,Picanto GT-Line,1248,AT,G,35,1350,4336,165/60 R14,"64,4/6000 (kW/rpm)",2385,3592 x  1595 x  1480,5,4X2,FF,-,5,4,CBU,Korea
,Picanto GT-Line,1248,MT,G,35,1350,4336,165/60 R14,"64,4/6000 (kW/rpm)",2385,3592 x  1595 x  1480,5,4X2,FF,-,5,4,CBU,Korea
,All New  Rio,1396,AT,G,43,1600,4375,185/65 R15,79/6300 (kW/rpm),2570,4045 x  1720 x  1455,5,4X2,FF,-,5,4,CBU,Korea
,All New  Rio,1396,MT,G,43,1600,4059,185/65 R15,79/6300 (kW/rpm),2570,4045 x  1720 x  1455,5,4X2,FF,-,5,4,CBU,Korea
,Seltos  EXP,1353,AT,G,55,1705,0,215/60 R17,140/6000,2610,4315 x  1800 x  1620,5,4X2,FF,7,5,4,CBU,Korea
,Seltos  EX,1353,AT,G,55,1705,0,215/60 R17,140/6000,2610,4315 x  1800 x  1620,5,4X2,FF,7,5,4,CBU,Korea
,Seltos  E,1353,AT,G,55,1705,0,215/60 R17,140/6000,2610,4315 x  1800 x  1620,5,4X2,FF,7,5,4,CBU,Korea
,Sonet Premiere,1500,AT,G,55,1705,0,215/60 R17,140/6000,2610,4315 x  1800 x  1620,5,4X2,FF,7,5,4,CBU,India
MAZDA,Mazda 2 R AT IPM,1498,AT,G,42.8,-,4147,195/45R16,103,2490,3913 x  1695 x  1475,5,4X2,FF,-,5,4,CBU,Thailand
,Mazda 2 GT AT IPM,1498,AT,G,42.8,-,4147,195/45R16,103,2490,3913 x  1695 x  1475,5,4X2,FF,-,5,4,CBU,Thailand
,Mazda 2 Elite AT IPM,1498,AT,G,44,-,-,185/60R16,111,2570,4065 x  1695 x  1495,5,4X2,FF,-,5,4,CBU,Thailand
MORRIS GARAGE,ZS Excite,1498,AT,G,48,1258,-,205/60 R16,114,2585,4314 x  1809 x  1624,5,4X2,FF,4,5,4,CBU,Thailand
,ZS Ignite,1498,AT,G,48,1258,-,215/50 R17,114,2585,4314 x  1809 x  1624,5,4X2,FF,4,5,4,CBU,Thailand
,HS Excite,1490,AT,G,55,1510,-,215/60 R17,162,2720,4574 x  1876 x  1664,5,4X2,FF,7,5,4,CBU,Thailand
,HS Ignite,1490,AT,G,55,1510,-,235/50 R18,162,2720,4574 x  1876 x  1664,5,4X2,FF,7,5,4,CBU,Thailand
MINI,Cooper,1499,AT,G,40,-,-,-,-,-,-,-,4X2,-,-,-,-,CBU,UK
,Cooper,1499,AT,G,40,-,-,-,-,-,-,-,4X2,-,-,2,4,CBU,UK
,Cooper 5-Door,1499,AT,G,40,-,-,-,-,-,-,-,4X2,-,-,-,-,CBU,UK
,Cooper 5-Door,1499,AT,G,40,-,-,-,-,-,-,-,4X2,-,-,2,4,CBU,UK
,Cooper S 5-Door,1499,AT,G,40,-,-,-,-,-,-,-,4X2,-,-,-,-,CBU,UK
,Cooper Clubman,1499,AT,G,40,-,-,-,-,-,-,-,4X2,-,-,4,4,CBU,UK
,Cooper Cabrio / convertible,1499,AT,G,40,-,-,-,-,-,-,-,4X2,-,-,-,-,CBU,UK
,Cooper Cabrio / convertible,1499,AT,G,40,-,-,-,-,-,-,-,4X2,-,-,2,4,CBU,UK
,Cooper Countryman,1499,AT,G,40,-,-,-,-,-,-,-,4X2,-,-,-,-,CKD,INA
,Cooper Countryman,1499,AT,G,40,-,-,-,-,-,-,-,4X2,-,-,-,-,CKD,INA
MITSUBISHI MOTORS,Mirage 1.2L GLX (4X2) MT,1200,MT,G,35,1280,3757,14x4 1/2J,77,2450,3710 X 1665 X 1500,5,4X2,FF,-,4,4,CBU,410
,Eclipse Cross,1499,AT,G,63,2100,-,225/55 R18,150,2670,4405 X 1805 X 1674,5,4X2,FF,-,4,4,CBU,411
,Xpander 1.5L Ultimate (4X2) A/T,1499,AT,G,45,1780,4375,205/55 R16,104,2775,4475 X 1750 X 1700,7,4X2,FF,-,4,4,CKD,128
,Xpander 1.5L Sport (4X2) A/T,1499,AT,G,45,1780,4375,205/55 R16,104,2775,4475 X 1750 X 1700,7,4X2,FF,-,4,4,CKD,INA
,Xpander 1.5L Sport (4X2) M/T,1499,MT,G,45,1780,4375,205/55 R16,104,2775,4475 X 1750 X 1700,7,4X2,FF,0,4,4,CKD,INA
,Xpander 1.5L Exceed (4X2) A/T,1499,AT,G,45,1780,4375,205/55 R16,104,2775,4475 X 1750 X 1700,7,4X2,FF,-,4,4,CKD,INA
,Xpander 1.5L Exceed (4X2) M/T,1499,MT,G,45,1780,4812,205/55 R16,104,2775,4475 X 1750 X 1700,7,4X2,FF,-,4,4,CKD,18
,Xpander 1.5L GLS (4X2) A/T,1499,AT,G,45,1780,4812,185/65 R15,104,2775,4475 X 1750 X 1695,7,4X2,FF,0,4,4,CKD,INA
,Xpander 1.5L GLS (4X2) M/T,1499,MT,G,45,1780,4812,185/65 R15,104,2775,4475 X 1750 X 1695,7,4X2,FF,-,4,4,CKD,INA
,Xpander 1.5L GLX (4X2) M/T,1499,MT,G,45,1780,4812,185/65 R15,104,2775,4475 X 1750 X 1695,7,4X2,FF,-,4,4,CKD,INA
,Xpander Cross  1.5L PREMIUM (4X2) A/T,1499,AT,G,45,1840,4375,205/55 R17,105,2775,4500 X 1800 X 1750,7,4X2,FF,0,4,4,CKD,INA
,Xpander Cross  1.5L (4X2) A/T,1499,AT,G,45,1840,4375,205/55 R17,105,2775,4500 X 1800 X 1750,7,4X2,FF,0,4,4,CKD,INA
,Xpander Cross  1.5L (4X2) M/T,1499,MT,G,45,1840,4812,205/55 R17,105,2775,4500 X 1800 X 1750,7,4X2,FF,0,4,4,CKD,INA
MERCEDES-BENZ - PC,A  200 Progressive ( W177),1332,AT,G,43,1885,7,225/45 R18,163,2729,"4,419 x  1,992 x  1,440",5,4X2,FF,-,5,4,CBU,-
,B 200 Progressive ( W247),1332,AT,G,43,1960,7,205/55 R17,163,2729,"4,419 x  2,020 x  1,562",5,4X2,FF,-,5,4,CBU,-
,GLA  200 Progressive Line ( H247),1332,AT,G,43,1885,7,225/45 R18,163,2729,"4,419 x  1,992 x  1,440",5,4X2,FF,-,5,4,CBU,-
,GLB 200 Progressive Line ( X247),1332,AT,G,43,1885,7,225/45 R18,163,2729,"4,419 x  1,992 x  1,440",5,4X2,FF,-,5,4,CBU,-
NISSAN,Livina E,1498,MT,G,-,-,-,-,-,-,-,-,4X2,-,-,-,-,CKD,INA
,Livina EL A/T,1498,AT,G,-,-,-,-,-,-,-,-,4X2,-,-,-,-,CKD,INA
,Livina EL M/T,1498,MT,G,-,-,-,-,-,-,-,-,4X2,-,-,-,-,CKD,INA
,Livina VE,1498,AT,G,-,-,-,-,-,-,-,-,4X2,-,-,-,-,CKD,INA
,Livina VL,1498,AT,G,-,-,-,-,-,-,-,-,4X2,-,-,-,-,CKD,INA
,KICKS E-POWER,1200,AT,HYBRID,-,-,-,-,-,-,-,-,4X2,-,-,-,-,CKD,INA
,Juke Revolt Grey  Interior (MY'14),1499,CVT,G,52,-,-,216 / 55 / R17,"115 / 6,000",2531,"4,135 x  1,765 x  1,566",-,4X2,-,-,5,4,CKD,INA
,Juke Revolt Red Interior (MY'14),1500,CVT,G,52,-,-,217 / 55 / R17,"116 / 6,000",2532,"4,135 x  1,765 x  1,567",-,4X2,-,-,5,4,CKD,INA
,Juke Revolt 2,1498,CVT,G,52,-,-,215 / 55 / R17,"114 / 6,000",2530,"4,135 x  1,765 x  1,565",-,4X2,-,-,5,4,CKD,INA
RENAULT,Kw id,1000,MT,G,28,1109,4,155/80 R13,68,2422,3679 x  1579 x  1478,5,4X2,FF,140,5,4,CBU,-
,Kw id Climber,1000,MT,G,28,1109,4,155/80 R13,68,2422,3679 x  1579 x  1478,5,4X2,FF,140,5,4,CBU,-
,New  Kw id,1000,MT,G,28,1109,4,155/80 R13,68,2422,3679 x  1579 x  1478,5,4X2,FF,140,5,4,CBU,-
,New  Kw id Climber,1000,AT,G,28,1109,-,-,-,-,-,5,4X2,FF,140,5,4,CBU,-
,Triber RXL MT,1000,MT,G,28,1109,0,-,0,0,-,7,4X2,FF,140,5,4,CBU,-
,Triber RXT MT,1000,MT,G,28,1109,0,-,0,0,-,7,4X2,FF,140,5,4,CBU,-
,Triber RXT AT,1000,AT,G,28,1109,0,-,0,0,-,7,4X2,FF,140,5,4,CBU,-
,Triber RXZ MT,1000,MT,G,28,1109,0,-,0,0,-,7,4X2,FF,140,5,4,CBU,-
,Triber RXZ AT,1000,AT,G,28,1109,0,-,0,0,-,7,4X2,FF,140,5,4,CBU,-
SUZUKI,Ignis  GL MT,1197,MT,G,43,1430,4388,165/60 R15,85,2360,3715 X 1680 X 1618,5,4X2,FF,-,4,4,CBU,India
,Ignis  GL AT,1197,AT,G,43,1430,4388,165/60 R15,85,2360,3715 X 1680 X 1618,5,4X2,FF,-,4,4,CBU,India
,Ignis  GX MT,1197,MT,G,43,1430,4388,185/60 R15,85,2360,3715 X 1680 X 1618,5,4X2,FF,-,4,4,CBU,India
,Ignis  GX AT,1197,AT,G,43,1430,4375,185/60 R15,85,2360,3715 X 1680 X 1618,5,4X2,FF,-,4,4,CBU,India
,All New  Ertiga 02 GA,1462,MT,G,45,1765,4687,185/65 R15,92,2740,4265 X 1695 X 1685,7,4X2,FF,-,4,4,CKD,INA
,All New  Ertiga 02 GL MT,1462,MT,G,45,1765,4687,185/65 R15,92,2740,4265 X 1695 X 1685,7,4X2,FF,-,4,4,CKD,INA
,All New  Ertiga 02 GX MT,1462,MT,G,45,1775,4687,185/65 R15,92,2740,4265 X 1695 X 1685,7,4X2,FF,-,4,4,CKD,INA
,All New  Ertiga 02 GL AT,1462,AT,G,45,1775,4545,185/65 R15,92,2740,4265 X 1695 X 1685,7,4X2,FF,-,4,4,CKD,INA
,All New  Ertiga 02 GX AT,1462,AT,G,45,1765,4545,185/65 R15,92,2740,4325 X 1695 X 1685,7,4X2,FF,-,4,4,CKD,INA
,All New  Ertiga SS MT,1462,MT,G,45,1775,4687,185/65 R15,92,2740,4325 X 1695 X 1685,7,4X2,FF,-,4,4,CKD,INA
,All New  Ertiga SS AT,1462,AT,G,45,1855,4687,185/65 R15,92,2740,4265 X 1695 X 1685,7,4X2,FF,-,4,4,CKD,INA
,XL-7 ZETA  MT,1462,MT,G,45,1720,4353,195/65 R16,105,2740,4450 X 1775 X 1710,7,4X2,FF,-,4,4,CKD,INA
,XL-7 ZETA  AT,1462,AT,G,45,1730,4375,195/65 R16,105,2740,4450 X 1775 X 1710,7,4X2,FF,-,4,4,CKD,INA
,XL-7 BETA  MT,1462,MT,G,45,1720,4353,195/65 R16,105,2740,4450 X 1775 X 1710,7,4X2,FF,-,4,4,CKD,INA
,XL-7 BETA  AT,1462,AT,G,45,1730,4375,195/65 R16,105,2740,4450 X 1775 X 1710,7,4X2,FF,-,4,4,CKD,INA
,XL-7 ALPHA  MT,1462,MT,G,45,1720,4353,195/65 R16,105,2740,4450 X 1775 X 1710,7,4X2,FF,-,4,4,CKD,INA
,XL-7 ALPHA  AT,1462,AT,G,45,1730,4375,195/65 R16,105,2740,4450 X 1775 X 1710,7,4X2,FF,-,4,4,CKD,INA
,New  Baleno,1490,MT,G,-,1650,-,195/55 R15,110,2480,4350 X 1690 X 1545,5,4X2,FF,-,4,4,CBU,India
,New  Baleno AT,1490,AT,G,-,1650,-,195/55 R15,110,2480,4350 X 1690 X 1545,5,4X2,FF,-,4,4,CBU,India
,New  SX4 S-Cros,1490,MT,G,48,1670,-,205/60 R16,109,2600,4300 X 1765 X 1690,5,4X2,FF,-,4,4,CBU,India
,New  SX4 S-Cros  AT,1490,AT,G,48,1670,-,205/60 R16,109,2600,4300 X 1765 X 1690,5,4X2,FF,-,4,4,CBU,India
,APV-GE,1495,MT,G,46,1950,4300,185/80 R14,105,2625,4225 X 1655 X 1855,8,4X2,FR,-,5,4,CKD,INA
,APV-GL,1495,MT,G,46,1950,4300,185/80 R14,105,2625,4225 X 1655 X 1855,8,4X2,FR,-,5,4,CKD,INA
,APV-GX,1495,MT,G,46,1950,4300,195/65 R15,105,2625,4225 X 1655 X 1855,8,4X2,FR,-,5,4,CKD,INA
,APV-GX AT,1495,AT,G,46,1950,5375,195/65 R15,105,2625,4225 X 1655 X 1855,8,4X2,FR,-,5,4,CKD,INA
,APV  SGX,1495,MT,G,46,1950,4300,195/65 R15,105,2625,4225 X 1655 X 1855,7,4X2,FR,-,5,4,CKD,INA
TOYOTA,All New  Avanza 1.3 E A/T BMC 2015,1298,AT,G,45,1085,5571,185/70R14,92 / 6000,2655,4140X1660X1695,7,4X2,FR,4,5,4,CKD,INA
,All New  Avanza 1.3 G BMC 2015,1298,MT,G,45,1085,5125,185/70R14,92 / 6000,2655,4140X1660X1695,7,4X2,FR,4,5,4,CKD,INA
,All New  Avanza 1.3 G A/T BMC 2015,1298,AT,G,45,1085,5571,185/70R14,92 / 6000,2655,4140X1660X1695,7,4X2,FR,4,5,4,CKD,INA
,All New  Avanza Veloz  1.3 BMC 2015,1329,MT,G,45,1085,4875,185/65R15,104 / 6000,2655,4140X1660X1695,7,4X2,FR,5,5,4,CKD,INA
,All New  Avanza Veloz  1.3 A/T BMC 2015,1329,AT,G,45,1085,5125,185/65R15,104 / 6000,2655,4140X1660X1695,7,4X2,FR,4,5,4,CKD,INA
,All New  Avanza Veloz  1.5 BMC 2015,1495,MT,G,45,1085,4875,185/65R15,104 / 6000,2655,4140X1660X1695,7,4X2,FR,4,5,4,CKD,INA
,All New  Avanza Veloz  1.5 A/T BMC 2015,1495,AT,G,45,1085,5125,185/65R15,104 / 6000,2655,4140X1660X1695,7,4X2,FR,4,5,4,CKD,INA
,Avanza 1.3 A/T Transmover,1298,AT,G,45,1085,5571,185/70R14,92 / 6000,2655,4140X1660X1695,7,4X2,FR,4,5,4,CKD,INA
,New  Avanza 1.3 E 2019,1298,MT,G,45,1085,5125,185/70R14,92 / 6000,2655,4140X1660X1695,7,4X2,FR,4,5,4,CKD,INA
,New  Avanza 1.3 E A/T 2019,1298,AT,G,45,1085,5571,185/70R14,92 / 6000,2655,4140X1660X1695,7,4X2,FR,4,5,4,CKD,INA
,New  Avanza 1.3 G 2019,1298,MT,G,45,1085,5125,185/70R14,92 / 6000,2655,4140X1660X1695,7,4X2,FR,4,5,4,CKD,INA
,New  Avanza 1.3 G A/T 2019,1298,AT,G,45,1085,5571,185/70R14,92 / 6000,2655,4140X1660X1695,7,4X2,FR,4,5,4,CKD,INA
,New  Avanza 1.5 G 2019,1495,MT,G,45,1085,4875,185/65R15,104 / 6000,2655,4140X1660X1695,7,4X2,FR,5,5,4,CKD,INA
,New  Avanza Veloz  1.3 2019,1329,MT,G,45,1085,4875,185/65R15,104 / 6000,2655,4140X1660X1695,7,4X2,FR,5,5,4,CKD,INA
,New  Avanza Veloz  1.3 A/T 2019,1329,AT,G,45,1085,5125,185/65R15,104 / 6000,2655,4140X1660X1695,7,4X2,FR,4,5,4,CKD,INA
,New  Avanza Veloz  1.5 2019,1495,MT,G,45,1085,4875,185/65R15,104 / 6000,2655,4140X1660X1695,7,4X2,FR,4,5,4,CKD,INA
,New  Avanza Veloz  1.5 A/T 2019,1495,AT,G,45,1085,5125,185/65R15,104 / 6000,2655,4140X1660X1695,7,4X2,FR,4,5,4,CKD,INA
,Sienta G 1.5,1497,MT,G,-,-,-,185/60 R15,107 / 6000,-,4235X1695X1690,7,4X2,FR,5,5,4,CKD,INA
,Sienta G 1.5 CVT,1497,AT,G,-,-,-,185/60 R15,107 / 6000,-,4235X1695X1690,7,4X2,FR,5,5,4,CKD,INA
,Sienta V  1.5,1497,MT,G,-,-,-,195/50 R16,107 / 6000,-,4235X1695X1690,7,4X2,FR,5,5,4,CKD,INA
,Sienta V  1.5 CVT,1497,AT,G,-,-,-,195/50 R16,107 / 6000,-,4235X1695X1690,7,4X2,FR,5,5,4,CKD,INA
,Sienta Q 1.5 CVT,1497,AT,G,-,-,-,195/50 R16,107 / 6000,-,4235X1695X1690,7,4X2,FR,5,5,4,CKD,INA
,Sienta V  1.5 CVT Welcab,1497,A/T,G,-,-,-,195/50 R16,107 / 6000,0,4235X1695X1690,7,4X2,FR,5,5,4,CKD,INA
,New  Rush 1.5 S MT Mi TRD Sportivo Ultimo,1500,AT,G,45,1200,5857,235/60R16,109 / 6000,2685,4420X1745X1740,7,4X2,FR,-,5,4,CKD,INA
,New  Rush 1.5 S MT Mi TRD Sportivo Ultimo AT,1500,AT,G,45,1200,5857,235/60R16,109 / 6000,2685,4420X1745X1740,7,4X2,FR,-,5,4,CKD,INA
,ALL New  Rush 1.5 G,1496,MT,G,45,1200,5857,215/65R16,104 / 6000,2685,4435X1695X1705,7,4X2,FR,4,5,4,CKD,INA
,ALL New  Rush   1.5 G A/T,1496,AT,G,45,1200,5857,215/65R16,104 / 6000,2685,4435X1695X1705,7,4X2,FR,4,5,4,CKD,INA
,ALL New  Rush 1.5 TRD Sportivo,1496,MT,G,45,1200,5857,215/60R17,104 / 6000,2685,4435X1695X1705,7,4X2,FR,4,5,4,CKD,INA
,ALL New  Rush 1.5 TRD Sportivo A/T,1496,AT,G,45,1200,5857,215/60R17,104 / 6000,2685,4435X1695X1705,7,4X2,FR,4,5,4,CKD,INA
,All New Yaris  1.5   Haykers,1500,MT,G,42,1075,4237,195/50R16,109 / 6000,2550,4115X1700X1475,5,4X2,FF,-,5,4,CKD,INA
,All New Yaris  1.5   Haykers  AT,1500,AT,G,42,1075,4237,195/50R16,109 / 6000,2550,4115X1700X1475,5,4X2,FF,-,5,4,CKD,INA
,New  Yaris  1.5 E,1496,MT,G,42,1055,4058,185/60R16,107 / 6000,2550,4145X1730X1500,5,4X2,FF,5,5,4,CKD,INA
,New  Yaris  1.5 E CVT,1496,AT,G,42,1075,4237,185/60R16,107 / 6000,2550,4145X1730X1500,5,4X2,FF,4,5,4,CKD,INA
,New  Yaris  1.5 G,1496,MT,G,42,1055,4058,195/50R16,107 / 6000,2550,4145X1730X1500,5,4X2,FF,5,5,4,CKD,INA
,New  Yaris  1.5 G CVT,1496,AT,G,42,1075,4237,195/50R16,107 / 6000,2550,4145X1730X1500,5,4X2,FF,4,5,4,CKD,INA
,New  Yaris  1.5 TRD Sportivo,1496,MT,G,42,1055,4058,195/50R16,107 / 6000,2550,4145X1730X1500,5,4X2,FF,5,5,4,CKD,INA
,New  Yaris  1.5 TRD Sportivo CVT,1496,AT,G,42,1075,4237,195/50R16,107 / 6000,2550,4145X1730X1500,5,4X2,FF,4,5,4,CKD,INA
,New  Yaris  1.5 G 3 Airbag,1496,MT,G,42,1055,4058,185/60R16,107 / 6000,2550,4145X1730X1500,5,4X2,FF,5,5,4,CKD,INA
,New  Yaris  1.5 G 7 Airbag,1496,MT,G,42,1055,4058,185/60R16,107 / 6000,2550,4145X1730X1500,5,4X2,FF,5,5,4,CKD,INA
,New  Yaris  1.5 G CVT 3 Airbag,1496,AT,G,42,1075,4237,185/60R16,107 / 6000,2550,4145X1730X1500,5,4X2,FF,4,5,4,CKD,INA
,New  Yaris  1.5 G CVT 7 Airbag,1496,AT,G,42,1075,4237,185/60R16,107 / 6000,2550,4145X1730X1500,5,4X2,FF,4,5,4,CKD,INA
,New  Yaris  1.5 TRD 3 Airbag,1496,MT,G,42,1055,4058,195/50R16,107 / 6000,2550,4145X1730X1500,5,4X2,FF,5,5,4,CKD,INA
,New  Yaris  1.5 TRD 7 Airbag,1496,MT,G,42,1075,4237,195/50R16,107 / 6000,2550,4145X1730X1500,5,4X2,FF,4,5,4,CKD,INA
,New  Yaris  1.5 TRD CVT 3 Airbag,1496,AT,G,42,1055,4058,195/50R16,107 / 6000,2550,4145X1730X1500,5,4X2,FF,5,5,4,CKD,INA
,New  Yaris  1.5 TRD CVT 7 Airbag,1496,AT,G,42,1075,4237,195/50R16,107 / 6000,2550,4145X1730X1500,5,4X2,FF,4,5,4,CKD,INA
VOLKSWAGEN,Polo 1.2 GT TSI AT,1200,AT,G,-,-,-,-,-,-,-,5,4X2,FF,-,5,4,CBU,India
,Tiguan 1.4 AT,1400,AT,G,64,1510,3949,25/55/R17,150,2604,4426 x  1809 x  1703,-,4X2,FF,193,5,4,CBU,Germany
,Tiguan 1.4,1400,AT,G,64,1510,3949,25/55/R17,150,2604,4426 x  1809 x  1703,-,4X2,FF,193,5,4,CKD,INA
,Tiguan Allspace 1.4 TSI AT,1400,AT,G,64,1510,3949,25/55/R17,150,2604,4426 x  1809 x  1703,-,4X2,FF,193,5,4,CKD,INA
,T o u r a n,1400,AT,G,-,1568,-,-,-,-,-,-,4X2,FF,-,5,4,CKD,INA
WULING,Confero S 1.5,1500,MT,G,42,-,4.889,195/60 R15,107,2720,4493X1691X1715,-,4X2,FR,-,5,4,CKD,INA
,Confero S 1.5C,1500,MT,G,42,-,4.889,195/60 R15,107,2720,4530X1691X1730,-,4X2,FR,-,5,4,CKD,INA
,Confero S 1.5L,1500,MT,G,42,-,4.889,195/60 R15,107,2720,4530X1691X1730,-,4X2,FR,-,5,4,CKD,INA
,Confero S 1.5L ACT,1500,MT,G,42,-,4.889,195/60 R15,107,2720,4530X1691X1730,-,4X2,FR,-,5,4,CKD,INA
,Cortez  1.5C T MT,1500,MT,G,52,-,4058,205/55 R16,129,2750,4780X1816X1755,-,4X2,FF,-,5,4,CKD,INA
,Cortez  1.5C T CVT,1500,AT,G,52,-,4058,205/55 R16,129,2750,4780X1816X1755,-,4X2,FF,-,5,4,CKD,INA
,Cortez  1.5L T CVT,1500,AT,G,52,-,4058,205/55 R16,129,2750,4780X1816X1755,-,4X2,FF,-,5,4,CKD,INA
,Cortez  1.5L T CVT,1500,AT,G,52,-,4058,205/55 R16,129,2750,4780X1816X1755,-,4X2,FF,-,5,4,CKD,INA
,Formo 1.2 BV,1200,MT,G,42,-,4.889,195/60 R15,107,2720,4530X1691X1730,-,4X2,FR,-,5,4,CKD,INA
,Formo 1.2,1200,MT,G,42,-,4.889,195/60 R15,107,2720,4530X1691X1730,-,4X2,FR,-,5,4,CKD,INA
,Almaz  1.5L,1500,MT,G,-,-,-,-,-,-,-,-,4X2,FR,-,5,4,CKD,INA
,Almaz  1.5E+ T CVT,1500,AT,G,-,-,-,-,-,-,-,-,4X2,FR,-,5,4,CKD,INA
,Almaz  1.5E T CVT,1500,AT,G,-,-,-,-,-,-,-,-,4X2,FR,-,5,4,CKD,INA
,Almaz  1.5SE T CVT,1500,AT,G,-,-,-,-,-,-,-,-,4X2,FR,-,5,4,CKD,INA
,Almaz  1.5SE T MT,1500,MT,G,-,-,-,-,-,-,-,-,4X2,FR,-,5,4,CKD,INA
TOTAL,,,,,,,,,,,,,,,,,,,
CUMULATIVE,,,,,,,,,,,,,,,,,,,
,,,,,,,,,,,,,,,,,,,
,,,,,,,,,,,,,,,,,,,
,,,,,,,,,,,,,,,,,,,
,,,,,,,,,,,,,,,,,,,
BRAND,MODEL/TYPE,CC,TRANS,FUEL,TANK CAPT,GVW (Kg),GEAR RATIO,WHEEL & TYRE SIZE,PS / HP,WHEEL BASE,"DIMENSI ON
P x L xT",SEATER,DRIVE SYS.,,SPEED,DOOR,WHEEL,CBU / CKD,ORIGIN COUNTRY
BMW,VL36 X1 sDrive18i,2000,AT,G,-,-,-,-,-,-,-,-,4X2,-,-,4,4,CKD,INA
,HS16 X1 SDRIVE18I,2000,AT,G,-,-,-,-,-,-,-,-,4X2,-,-,4,4,CKD,INA
,JG16 X1 SDRIVE18I,2000,AT,G,51,2005,-,-,136,2670,4439 x  1821 x  1598,5,4X2,-,-,5,-,CKD,INA
,36AA  X1 SDRIVE18I,2000,AT,G,51,2005,-,-,136,2670,4439 x  1821 x  1598,5,4X2,FF,-,5,-,CKD,INA
,7L12 M135I XDRIVE,1998,AT,G,-,-,-,-,-,-,-,-,4X2,-,-,3,4,CBU,Germany
CHEVROLET,Orlando 1.8L,1800,AT,G,-,-,-,-,-,-,-,-,4X2,FR,-,-,-,CBU,South Korea
,Captiva 2.4 AT,2400,AT,G,-,-,-,-,-,-,-,-,4X2,FF,-,-,-,CBU,Thailand
,Captiva 2.0 Dsl,2000,AT,D,-,-,-,-,-,-,-,-,4X2,FF,-,-,-,CBU,Thailand
,Trailblazer,2500,AT,D,-,-,-,-,-,-,-,-,4X2,FR,-,-,-,CBU,Thailand
DFSK,GLORY  560 1.8 A/T CVT LUXURY,1798,AT,G,50,1985,-,215/60R17,139,2690,4515 X 1815 X 1735,7,4X2,FF,-,4,4,CKD,INA
HONDA,All New  CR-V,2000,CVT,G,58,-,-,-,-,-,-,-,4X2,FF,-,5,4,CKD,INA
,HR-V  Prestige,1800,CVT,G,40,-,-,-,-,-,-,5,4X2,FF,-,5,4,CKD,INA
,Odyssey  Prestige,2354,CVT,G,55,1855,-,17 x  7J,175,2900,4830 x  1820 x  1695,7,4X2,FF,-,5,4,CBU,Japan
HYUNDAI - HIM,Kona,2000,AT,G,-,-,-,-,-,-,-,5,4X2,-,-,4,4,CBU,Korea
,All New  Tucson,2000,AT,G,62,2020,-,-,-,-,4475 x  1850 x  1650,5,4X2,-,-,4,4,CBU,Korea
,All New  Tucson CRDi,2000,AT,D,62,2020,-,-,-,-,4475 x  1850 x  1650,5,4X2,-,-,4,4,CBU,Korea
,New  Santa FE CRDI,2200,AT,D,64,-,-,-,-,-,-,-,4X2,FF,-,4,4,CBU,Korea
,New  Santa FE,2400,AT,G,64,-,-,-,-,-,-,-,4X2,FF,-,4,4,CBU,Korea
,H-1   2.4,2400,AT,G,75,3030,-,-,-,-,-,-,4X2,FR,-,4,4,CKD,INA
,H-1   2.5 CRDI,2500,AT,D,75,3185,-,-,-,-,-,-,4X2,FR,-,4,4,CKD,INA
,Starex  2.5 CRDi,2500,MT,D,75,3030,-,-,-,-,-,-,4X2,FR,-,4,4,CKD,INA
,Starex  2.4,2400,MT,G,75,3030,-,-,-,-,5125 x  1920 x  1925,10,4X2,-,-,4,4,CKD,INA
HYUNDAI - HMID,Kona Gasoline 2.0 Single Tone,2000,AT,G,50,1830,-,215/55/R17,149,2600,4165 x  1800 x  1565,5,4X2,FF,-,5,4,CBU,South Korea
,Kona Gasoline 2.0 Tw o Tone,2000,AT,G,50,1830,-,215/55/R17,149,2600,4165 x  1800 x  1565,5,4X2,FF,-,5,4,CBU,South Korea
,Kona EV,-,AT,EV,-,2020,-,215/55/R17,-,2600,4180 x  1800 x  1570,5,4X2,-,-,5,4,CBU,South Korea
,Tucson,2000,AT,G,-,-,-,-,-,-,-,5,4X2,FF,-,5,4,CBU,South Korea
,Santa FE XG 2.4 Gasoline,2400,AT,G,71,2510,-,235/55/19,172,2765,4770 x  1890 x  1705,5,4X2,FF,-,5,4,CBU,South Korea
,Santa FE XG 2.2 CRDi,2200,AT,D,71,2510,-,235/55/19,193,2765,4770 x  1890 x  1705,5,4X2,FF,-,5,4,CBU,South Korea
,Santa FE Grand 2.2 CRDi,2200,AT,D,71,2510,-,235/55/19,193,2765,4770 x  1890 x  1705,5,4X2,FF,-,5,4,CBU,South Korea
,Palisade 2.2 CRDi,2200,AT,D,-,-,-,-,-,-,-,-,-,-,-,-,-,CBU,South Korea
ISUZU,Panther LM,2499,MT,D,55,2150,4100,205/65/R15,80,2685,"4,475 x  1,680 x  1,790",7,4X2,FR,-,5,4,CKD,INA
,Panther LV,2499,MT,D,55,2150,4100,205/65/R15,80,2685,"4,475 x  1,680 x  1,790",7,4X2,FR,-,5,4,CKD,INA
,Panther LS,2499,MT,D,55,2150,4100,205/65/R15,80,2685,"4,475 x  1,680 x  1,790",7,4X2,FR,-,5,4,CKD,INA
,Panther G Touring MT,2499,MT,D,55,2150,4100,205/65/R15,80,2685,"4,535 x  1,770 x  1,920",7,4X2,FR,-,5,4,CKD,INA
,MU-X,2499,AT,D,47,2540,-,-,-,-,-,7,4X2,-,-,5,4,CBU,Thailand
KIA,Grand Sedona,2199,AT,G,80,3050,3195,235/60 R18,270/6400,3060,5115 x  1985 x  1740,11,4X2,FF,6,5,4,CBU,Korea
LEXUS,Lexus  NX 300,1998,AT,G,60,-,-,255 / 60 R18,235 / 4000,2660,4630X1845X1630,4,4X2,FR,0,4,4,CBU,Japan
,Lexus  NX 200,1998,AT,G,60,-,-,255 / 60 R18,235 / 4000,2660,4630X1845X1630,4,4X2,FR,0,4,4,CBU,Japan
,Lexus   RX 300,1998,AT,G,72,2500,-,-,235 / 4400,2790,4890X1895X1690,4,4X2,FR,0,4,4,CBU,Japan
,Lexus  RX 200t,1998,AT,G,72,2500,-,-,235 / 4400,2790,4890X1895X1690,4,4X2,FR,8,4,4,CBU,Japan
,Lexus  UX 200,1998,AT,G,72,2500,-,-,235 / 4400,2790,4890X1895X1690,4,4X2,FR,0,4,4,CBU,Japan
,Lexus  UX 250h,1998,AT,G,72,2500,-,-,235 / 4400,2790,4890X1895X1690,4,4X2,FR,0,4,4,CBU,Japan
,LEXUS UX 300e,-,AT,EV,-,-,-,-,-,-,-,4,4X2,FR,0,4,4,CBU,Japan
MAZDA,CX-3 2.0 Touring,1998,AT,G,48,-,-,215/50R18,148,2570,4275 x  1765 x  1535,5,4X2,FF,-,5,4,CBU,Japan
,CX-3 2.0 Grand Touring,1998,AT,G,48,-,-,215/50R18,148,2570,4275 x  1765 x  1535,5,4X2,FF,-,5,4,CBU,Japan
,All New  CX-5 Elite,2488,AT,G,56,-,-,225/55R19,190,2700,4550 x  1840 x  1680,5,4X2,FF,-,5,4,CBU,Japan
,All New  CX-5 Elite IPM #2,2488,AT,G,56,-,0,225/55R19,190,2700,4550 x  1840 x  1680,5,4X2,FF,0,5,4,CBU,Malaysia
,All New  CX-5 GT IPM #2,2488,AT,G,56,-,4325,225/55R19,187,2700,4540 x  1840 x  1710,5,4X2,FF,-,5,4,CBU,Malaysia
,All New  CX-5 Elite IPM #2,2488,AT,G,56,-,-,225/55R19,190,2700,4550 x  1840 x  1680,5,4X2,FF,-,5,4,CBU,Malaysia
,CX - 30 Touring,1998,AT,G,51,-,0,215/55R18,155,2655,4395 x  1795 x  1540,5,4X2,FF,0,5,4,CBU,Japan
,CX - 30 GT,1998,AT,G,51,-,0,215/55R18,155,2655,4395 x  1795 x  1540,5,4X2,FF,0,5,4,CBU,Japan
,CX - 3 Sport,1998,AT,G,48,-,0,215/50R18,149,2570,4275 x  1765 x  1535,5,4X2,FF,0,5,4,CBU,Japan
,CX  - 3 Pro,1998,AT,G,48,-,0,215/50R18,149,2570,4275 x  1765 x  1535,5,4X2,FF,0,5,4,CBU,Japan
,All-new  CX-9 MY18,2488,AT,G,72,-,-,255/50R20,231,2930,5075 x  1969 x  1747,7,4X2,FF,-,5,4,CBU,Japan
,CX-8 Touring,2488,AT,G,72,-,-,255/50R20,231,2930,5075 x  1969 x  1747,7,4X2,FF,-,5,4,CBU,Malaysia
,CX-8 Elite,2488,AT,G,72,-,-,255/50R20,231,2930,5075 x  1969 x  1747,7,4X2,FF,-,5,4,CBU,Malaysia
,All New  Mazda 3 Hatchback,1998,AT,G,51,-,-,215/45R18,155,2725,"4,460 x  1,795 x  1,435",5,4X2,FF,-,5,4,CBU,Japan
,Mazda 6 Estate Elite,2488,AT,G,62,-,-,225/45R19,192,2750,"4,800 x  1,840 x  1,480",5,4X2,FF,-,5,4,CBU,Japan
,Mazda 5,1997,AT,G,60,-,-,205/55R16,151,2750,"4,585 x  1,750 x  1,615",7,4X2,FF,-,5,4,CBU,Japan
MERCEDES-BENZ - PC,A  35 4 Matic  (W177)*,2000,-,G,-,-,-,-,-,-,-,-,-,-,-,-,-,CBU,-
,GLA  200 Urban,1595,AT,G,50,1940,7,235/45 R19,156,2699,"4,424 x  2,022 x  1,494",5,4X2,FR,-,5,4,CBU,-
,GLA  200 AMG,1595,AT,G,50,1940,7,235/45 R19,156,2699,"4,443 x  2,022 x  1,483",5,4X2,FR,-,5,4,CBU,-
,GLC 200 AMG,1991,AT,G,66,2360,9,255/45 R20,184,2873,"4,656 x  2,096 x  1,639",5,4X2,FR,-,5,4,CKD,-
,GLC 200 AMG ( FL ),1991,AT,G,66,2360,9,255/45 R20,184,2873,"4,656 x  2,096 x  1,639",5,4X2,FR,-,5,4,CKD,-
,GLC 200 Exclusive,1991,AT,G,66,2360,9,235/60 R18,184,2873,"4,656 x  2,096 x  1,639",5,4X2,FR,-,5,4,CKD,-
,VITO,2148,AT,D,-,2940,-,-,-,-,-,-,-,-,-,5,-,CBU,Spain
MINI,Cooper S,1998,AT,G,40,-,-,-,-,-,-,-,4X2,-,-,2,4,CBU,UK
,JCW,1998,AT,G,40,-,-,-,-,-,-,-,4X2,-,-,-,-,CBU,UK
,JCW,1998,AT,G,40,-,-,-,-,-,-,-,4X2,-,-,2,4,CBU,UK
,JCW GP,1998,AT,G,40,-,-,-,-,-,-,-,4X2,-,-,2,4,CBU,UK
,Cooper S 5-Door,1998,AT,G,40,-,-,-,-,-,-,-,4X2,-,-,4,4,CBU,UK
,Cooper S Clubman,1998,AT,G,40,-,-,-,-,-,-,-,4X2,-,-,-,-,CBU,UK
,Cooper S Clubman,1998,AT,G,40,-,-,-,-,-,-,-,4X2,-,-,-,-,CBU,UK
,Cooper S Clubman,1998,AT,G,40,-,-,-,-,-,-,-,4X2,-,-,-,-,CBU,UK
,JCW Clubman,1998,AT,G,40,-,-,-,-,-,-,-,4X2,-,-,-,-,CBU,UK
,Cooper S Countryman,1998,AT,G,40,-,-,-,-,-,-,-,4X2,-,-,-,-,CKD,INA
,JCW Clubman,1998,AT,G,40,-,-,-,-,-,-,-,4X2,-,-,5,4,CBU,UK
,Cooper S Cabrio / convertible,1998,AT,G,40,-,-,-,-,-,-,-,4X2,-,-,-,-,CBU,UK
,Cooper S Cabrio / convertible,1998,AT,G,40,-,-,-,-,-,-,-,4X2,-,-,-,-,CBU,UK
,JCW Cabrio / convertible,1998,AT,G,40,-,-,-,-,-,-,-,4X2,-,-,2,4,CBU,UK
,Cooper S Countryman,1998,AT,G,40,-,-,-,-,-,-,-,4X2,-,-,3,4,CBU,UK
,JCW Countryman,1998,AT,G,40,-,-,-,-,-,-,-,4X2,-,-,-,-,CBU,UK
,JCW Countryman,1998,AT,G,40,-,-,-,-,-,-,-,4X2,-,-,-,-,CBU,UK
,JCW Paceman,1998,AT,G,40,-,-,-,-,-,-,-,4X2,-,-,-,-,CBU,UK
,Cooper S Countryman,1998,AT,G,40,-,-,-,-,-,-,-,4X2,-,-,-,-,CKD,INA
MITSUBISHI MOTORS,Outlander SPORT 2.0L PX AT Action,1998,AT,G,63,1970,6120,"17 X 6,5J",150,2670,4295 X  1770 X 1625,5,4X2,FF,-,4,4,CKD,INA
,Outlander SPORT 2.0L PX AT,1998,AT,G,63,1970,6120,"17 X 6,5J",150,2670,4295 X  1770 X 1625,5,4X2,FF,-,4,4,CKD,INA
,Outlander SPORT 2.0L GLS AT,1998,AT,G,63,1970,6120,"18 X 6,5J",150,2670,4296 X  1770 X 1625,5,4X2,FF,-,4,4,CKD,INA
,Outlander SPORT 2.0L GLX MT,1998,MT,G,63,1970,6120,"19 X 6,5J",150,2670,4297 X  1770 X 1625,5,4X2,FF,-,4,4,CKD,INA
,Pajero Sport 2.4L DAKAR (4x2) 8AT,2442,AT,D,68,2600,3692,265/60 R18,181,2800,4785 X 1815 X 1805,7,4X2,FR,-,4,4,CKD,INA
,Pajero Sport 2.4L DAKAR Utimate (4x2) 8AT,2442,AT,D,68,2600,3692,265/60 R18,181,2800,4785 X 1815 X 1805,7,4X2,FR,-,4,4,CKD,INA
,Pajero Sport 2.5 E HP (4X2) 5 AT - DAKAR,2477,AT,D,70,2650,3917,265/65 R17,178,2800,4695 X 1815 X 1840,7,4X2,FR,-,4,4,CBU,Thailand
,Pajero Sport 2.5 L EXCEED (4X2) 5AT,2477,AT,D,70,2650,3917,265/60 R16,136,2800,4785 X 1815 X 1800,7,4X2,FR,-,4,4,CKD,INA
,Pajero Sport 2.5 L EXCEED (4X2) 5MT,2477,MT,D,70,2650,4100,265/65 R17,136,2800,4697 X 1815 X 1840,7,4X2,FR,-,4,4,CBU,Thailand
NISSAN,All New  Serena Highw ay  Star 2.0 AT,1998,AT,G,-,1965,-,-,-,-,-,-,4X2,-,-,5,4,CBU,Japan
,All New  Serena X AT,1998,AT,G,60,1965,-,195/60/R16,"147 / 5,600",2860,"4,770 x  1,735 x  1,865",-,4X2,-,-,5,4,CKD,Japan
,X-Trail 2.5 Upper CVT,2488,CVT,G,-,1820,-,-,-,-,-,-,4X2,-,-,5,4,CBU,Japan
,New  X-Trail 2.5 CVT 2014,2500,CVT,G,65,1820,-,-,-,-,-,5,4X2,-,-,5,4,CKD,INA
,Terra 2.5 MT,2488,MT,G,-,-,-,-,-,-,-,-,4X2,-,-,5,4,CBU,-
,Terra E 2.5 AT,2488,AT,G,-,-,-,-,-,-,-,-,4X2,-,-,5,4,CBU,-
,Terra VL 2.5 AT 4x2,2488,AT,G,-,-,-,-,-,-,-,-,4X2,-,-,5,4,CBU,-
PEUGEOT,New  5008 AT,1598,AT,G,0,0,6,225/55/ R18,165,2840,4.641 x  1.844 x  1.646,7,4X2,FF,6,5,4,CBU,Perancis
,New  5008 AT Allure,1598,AT,G,60,1459,6,215/50 R17,156,2727,4.529 x  2.118 x  1.644,7,4X2,FF,-,5,4,CBU,Malaysia
,New  3008 AT,1598,AT,G,60,1459,6,225/50 R17,163,2613,4.365 x  1.836 x  1.639,5,4X2,FF,-,5,4,CBU,Perancis
,New  3008 AT Allure,1598,AT,G,60,1459,6,225/50 R17,163,2613,4.365 x  1.836 x  1.639,5,4X2,FF,-,5,4,CBU,Malaysia
RENAULT,Koleos  Signature,2500,AT,G,60,2100,-,225/60 R 18,170,2705,4672 x  1843 x  1673,5,4X2,FF,200,5,4,CBU,-
,Koleos  Luxury,2500,AT,G,60,2100,-,225/60 R 18,170,2705,4672 x  1843 x  1673,5,4X2,FF,200,5,4,CBU,-
TOYOTA,All New  Kijang Inova G 2015,1998,MT,G,55,1640,-,205/65 R15,102 / 3600,2750,4585X1775X1750,7,4X2,FR,5,5,4,CKD,INA
,All New  Kijang Inova G AT 2015,1998,AT,G,55,1640,-,205/65 R15,136 / 5600,2750,4585X1775X1750,7,4X2,FR,4,5,4,CKD,INA
,All New  Kijang Inova G AT D 2015,2494,AT,D,55,1640,-,205/65 R15,136 / 5600,2750,4585X1775X1750,7,4X2,FR,4,5,4,CKD,INA
,All New  Kijang Inova G AT D TRD,2494,AT,D,55,1640,-,205/65 R15,136 / 5600,2750,4585X1775X1750,7,4X2,FR,4,5,4,CKD,INA
,All New  Kijang Inova G D 2015,2494,MT,D,55,1640,-,205/65 R15,102 / 3600,2750,4585X1775X1750,7,4X2,FR,5,5,4,CKD,INA
,All New  Kijang Inova G D TRD,2494,MT,D,55,1640,-,205/65 R15,102 / 3600,2750,4585X1775X1750,7,4X2,FR,5,5,4,CKD,INA
,All New  Kijang Inova Q 2015,1998,MT,G,55,1640,-,205/65 R15,102 / 3600,2750,4585X1775X1750,7,4X2,FR,5,5,4,CKD,INA
,All New  Kijang Inova Q AT 2015,1998,AT,G,55,1640,-,205/65 R15,136 / 5600,2750,4585X1775X1750,7,4X2,FR,4,5,4,CKD,INA
,All New  Kijang Inova V  2015,1998,MT,G,55,1640,-,205/65 R15,102 / 3600,2750,4585X1775X1750,7,4X2,FR,5,5,4,CKD,INA
,All New  Kijang Inova V  AT 2015,1998,AT,G,55,1640,-,205/65 R15,136 / 5600,2750,4585X1775X1750,7,4X2,FR,4,5,4,CKD,INA
,All New  Kijang Inova V  AT D 2015,2494,AT,D,55,1640,-,205/65 R15,136 / 5600,2750,4585X1775X1750,7,4X2,FR,4,5,4,CKD,INA
,All New  Kijang Inova V  AT D TRD,2494,AT,D,55,1640,-,205/65 R15,136 / 5600,2750,4585X1775X1750,7,4X2,FR,4,5,4,CKD,INA
,All New  Kijang Inova V   D 2015,2494,MT,D,55,1640,-,205/65 R15,102 / 3600,2750,4585X1775X1750,7,4X2,FR,5,5,4,CKD,INA
,All New  Kijang Inova V   D TDR,2494,MT,D,55,1640,-,205/65 R15,102 / 3600,2750,4585X1775X1750,7,4X2,FR,5,5,4,CKD,INA
,All New  Kijang Inova Venturer,1998,MT,G,55,1640,-,205/65 R15,136 / 5600,2750,4585X1775X1750,7,4X2,FR,4,5,4,CKD,INA
,All New  Kijang Inova Venturer AT,1998,AT,G,55,1640,-,205/65 R15,136 / 5600,2750,4585X1775X1750,7,4X2,FR,4,5,4,CKD,INA
,All New  Kijang Inova Venturer AT D,2494,AT,D,55,1640,-,205/65 R15,136 / 5600,2750,4585X1775X1750,7,4X2,FR,4,5,4,CKD,INA
,All New  Kijang Inova Venturer D,2494,MT,D,55,1640,-,205/65 R15,136 / 5600,2750,4585X1775X1750,7,4X2,FR,4,5,4,CKD,INA
,All New  Kijang Innova G Mi 2020,1998,MT,G,55,1640,-,205/65 R15,102 / 3600,2750,4585X1775X1750,7,4X2,FR,5,5,4,CKD,INA
,All New  Kijang Innova G Luxury  Mi 2020,1998,MT,G,55,1640,-,205/65 R15,102 / 3600,2750,4585X1775X1750,7,4X2,FR,5,5,4,CKD,INA
,All New  Kijang Innova G A/T Mi 2020,1998,AT,G,55,1640,-,205/65 R15,136 / 5600,2750,4585X1775X1750,7,4X2,FR,4,5,4,CKD,INA
,All New  Kijang Innova G A/T Luxury  Mi 2020,1998,AT,G,55,1640,-,205/65 R15,136 / 5600,2750,4585X1775X1750,7,4X2,FR,4,5,4,CKD,INA
,All New  Kijang Innova G DSL Mi 2020,2494,AT,D,55,1640,-,205/65 R15,136 / 5600,2750,4585X1775X1750,7,4X2,FR,4,5,4,CKD,INA
,All New  Kijang Innova G A/T DSL Mi 2020,2494,AT,D,55,1640,-,205/65 R15,136 / 5600,2750,4585X1775X1750,7,4X2,FR,4,5,4,CKD,INA
,All New  Kijang Innova V  Mi 2020,1998,MT,G,55,1640,-,205/65 R15,102 / 3600,2750,4585X1775X1750,7,4X2,FR,5,5,4,CKD,INA
,All New  Kijang Innova V  Luxury  Mi 2020,1998,MT,G,55,1640,-,205/65 R15,102 / 3600,2750,4585X1775X1750,7,4X2,FR,5,5,4,CKD,INA
,All New  Kijang Innova V  A/T Mi 2020,1998,AT,G,55,1640,-,205/65 R15,136 / 5600,2750,4585X1775X1750,7,4X2,FR,4,5,4,CKD,INA
,All New  Kijang Innova V  A/T Luxury  Mi 2020,1998,AT,G,55,1640,-,205/65 R15,136 / 5600,2750,4585X1775X1750,7,4X2,FR,4,5,4,CKD,INA
,All New  Kijang Innova V  DSL Mi 2020,2494,AT,D,55,1640,-,205/65 R15,102 / 3600,2750,4585X1775X1750,7,4X2,FR,5,5,4,CKD,INA
,All New  Kijang Innova V  A/T DSL Mi 2020,2494,AT,D,55,1640,-,205/65 R15,136 / 5600,2750,4585X1775X1750,7,4X2,FR,4,5,4,CKD,INA
,All New  Kijang Innova Venturer Mi 2020,1998,MT,G,55,1640,-,205/65 R15,102 / 3600,2750,4585X1775X1750,7,4X2,FR,5,5,4,CKD,INA
,All New  Kijang Innova Venturer A/T Mi 2020,1998,AT,G,55,1640,-,205/65 R15,102 / 3600,2750,4585X1775X1750,7,4X2,FR,5,5,4,CKD,INA
,All New  Kijang Innova Venturer DSL Mi 2020,2494,MT,D,55,1640,-,205/65 R15,102 / 3600,2750,4585X1775X1750,7,4X2,FR,5,5,4,CKD,INA
,All New  Kijang Innova Venturer A/T DSL Mi 2020,2494,AT,D,55,1640,-,205/65 R15,102 / 3600,2750,4585X1775X1750,7,4X2,FR,5,5,4,CKD,INA
,Voxy  2.0 AT,2000,AT,G,60,2205,-,205/60 R16,158 / 6200,-,4600X1695X1850,7,4X2,FF,-,5,4,CKD,Japan
,"Alphard 2,5 G",2500,AT,G,65,1905,5791,215/60/R17,170 / 6000,2950,4870X1830X1905,7,4X2,FF,-,5,4,CBU,Japan
,Alphard 2.5 X,2500,AT,G,65,1905,5791,215/60/R17,170 / 6000,2950,4870X1830X1905,7,4X2,FF,-,5,4,CBU,Japan
,"Alphard 2,5 Hybrid",2494,AT,HYBRID,65,1905,5791,215/60/R17,170 / 6000,2950,4870X1830X1905,7,4X2,FF,5,5,4,CBU,Japan
,Vellflre 2.5,2500,AT,G,65,1905,5791,215/60/R17,170 / 6000,2950,4870X1830X1905,7,4X2,FF,-,5,4,CBU,Japan
,Fortuner VRZ 2.4 TRD AT D,2393,AT,D,80,-,4555,265 / 60 R18,163 / 3400,2745,4795x1855x1835,7,4X2,FR,5,5,4,CKD,INA
,C-HR 1.8 A/T,1798,AT,G,50,-,-,215 / 60 R17,141 / 6400,2640,4360x1795x1565,5,4X2,FF,7,5,4,CBU,Thailand
,C-HR 1.8 A/T Dual Tone,1798,AT,G,50,-,-,215 / 60 R17,141 / 6400,2640,4360x1795x1565,5,4X2,FF,7,5,4,CBU,Thailand
,C-HR 1.8 A/T Hybrid,1798,AT,HYBRID,50,-,0,215 / 60 R17,141 / 6400,2640,4360x1795x1565,5,4X2,FF,7,5,4,CBU,Thailand
,Corolla Cross  1.8 A/T,1798,AT,G,50,-,-,215 / 60 R17,141 / 6400,2640,4360x1795x1565,5,4X2,FF,7,5,4,CBU,Thailand
,Corolla Cross  1.8 A/T Hybrid,1798,AT,HYBRID,50,-,0,215 / 60 R17,141 / 6400,2640,4360x1795x1565,5,4X2,FF,7,5,4,CBU,Thailand
,COMS EV,0,AT,EV,50,-,-,215 / 60 R17,141 / 6400,2640,4360x1795x1565,5,4X2,FF,7,5,4,CBU,Japan
,Fortuner G 2.4 DSL FMC 2015 AT,2494,AT,D,80,-,4100,265 / 65 R17,149.3 / 3400,2745,4795x1855x1835,7,4X2,FR,5,5,4,CKD,INA
,Fortuner VRZ 2.4 DSL FMC 2015   AT,2494,AT,D,80,-,4100,265 / 60 R18,149.3 / 3400,2745,4795x1855x1835,7,4X2,FR,5,5,4,CKD,INA
,Fortuner G 2.4   DSL FMC  2015 AT,2494,MT,D,80,-,4100,265 / 65 R17,149.3 / 3400,2745,4795x1855x1835,7,4X2,FR,5,5,4,CKD,INA
,Fortuner G 2.4 DSL A/T Mi 2020,2393,AT,D,80,0,4.100,265 / 65 R17,149.3 / 3400,2745,4795x1855x1835,7,4X2,FR,5,5,4,CKD,INA
,Fortuner VRZ 2.4 DSL A/T Mi 2020,2393,AT,D,80,0,4.100,265 / 60 R18,149.3 / 3400,2745,4795x1855x1835,7,4X2,FR,5,5,4,CKD,INA
,Fortuner G 2.4 DSL Mi 2020,2393,MT,D,80,0,4.100,265 / 65 R17,149.3 / 3400,2745,4795x1855x1835,7,4X2,FR,5,5,4,CKD,INA
,Fortuner VRZ 2.4 TRD A/T DSL Mi 2020,2393,AT,D,80,0,4.555,265 / 60 R18,163 / 3400,2745,4795x1855x1835,7,4X2,FR,5,5,4,CKD,INA
,HI-ACE Commuter HI Grade,2500,MT,G,70,2145,-,195/R15,102 / 3600,3110,5380X1880X2285,16,4X2,FR,-,2,5,CBU,Japan
VOLKSWAGEN,Multivan 2.0 LWB TSI AT,1968,AT,G,-,-,-,-,-,-,-,7,4X2,FF,-,5,4,CBU,Germany
TOTAL,,,,,,,,,,,,,,,,,,,
CUMULATIVE,,,,,,,,,,,,,,,,,,,
,,,,,,,,,,,,,,,,,,,
BMW,1Y72 M135I,3000,AT,G,-,-,-,-,-,-,-,-,4X2,-,-,4,4,CBU,Germany
TOYOTA,Fortuner SRZ 2.7 TRD AT,2694,AT,G,80,-,4555,265 / 60 R18,163 / 3400,2745,4795x1855x1835,7,4X2,FR,5,5,4,CKD,INA
,Fortuner 2.7 FMC 2015 AT,2694,AT,G,80,-,4100,265 / 60 R18,163 / 3400,2745,4795x1855x1835,7,4X2,FR,5,5,4,CKD,INA
,Fortuner 2.7 TRD SPORTIVO LUX 4X2 A/T,2694,AT,G,65,2450,0,-,"160.4 / 5,200",2750,4705X1840X1850,7,4X2,FR,5,5,4,CKD,INA
,Fortuner SRZ 2.7 A/T Mi 2020,2694,AT,G,80,0,4.555,265 / 60 R18,163 / 3400,2745,4795x1855x1835,7,4X2,FR,5,5,4,CKD,INA
,Fortuner SRZ 2.7 A/T TRD Mi 2020 Mi 2020,2694,AT,G,80,0,4.555,265 / 60 R18,163 / 3400,2745,4795x1855x1835,7,4X2,FR,5,5,4,CKD,INA
,HI-ACE 2.8,2800,MT,D,70,2145,-,195/R15,102 / 3600,3110,5380X1880X2285,16,4X2,FR,5,4,4,CBU,Thailand
TOTAL,,,,,,,,,,,,,,,,,,,
CUMULATIVE,,,,,,,,,,,,,,,,,,,
,,,,,,,,,,,,,,,,,,,
KIA,Grand Sedona,3342,AT,G,80,3050,3195,235/60 R18,270/6400,3060,5115 x  1985 x  1740,11,4X2,FF,6,5,4,CBU,Korea
LEXUS,Lexus  GS450 Hybrid,3500,AT,HYBRID,50,1900,-,-,-,-,4843X1838X1455,4,4X2,FR,0,4,4,CBU,Japan
,LM 350,4969,AT,G,66,2870,-,-,471 / 7100,2730,4770X1920X1345,2,4X2,FR,-,2,4,CBU,Japan
,Lexus  CT 200 Hybrid,3500,AT,HYBRID,50,1900,-,-,-,-,4843X1838X1455,4,4X2,FR,0,4,4,CBU,Japan
MERCEDES-BENZ - PC,V  260,3498,AT,G,-,2940,-,-,-,-,-,-,-,-,-,5,-,CBU,Spain
TOYOTA,"Alphard 3,5",3500,AT,G,65,1905,5791,215/60/R17,170 / 6000,2950,4870X1830X1905,7,4X2,FF,-,5,4,CBU,Japan
TOTAL,,,,,,,,,,,,,,,,,,,
CUMULATIVE,,,,,,,,,,,,,,,,,,,
,,,,,,,,,,,,,,,,,,,
,,,,,,,,,,,,,,,,,,,
,,,,,,,,,,,,,,,,,,,
,,,,,,,,,,,,,,,,,,,
,,,,,,,,,,,,,,,,,,,
BRAND,MODEL/TYPE,CC,TRANS,FUEL,TANK CAPT,GVW (Kg),GEAR RATIO,WHEEL & TYRE SIZE,PS / HP,WHEEL BASE,"DIMENSION
P x L xT",SEATER,DRIVE SYS.,,SPEED,DOOR,WHEELS,CBU / CKD,ORIGIN COUNTRY
AUDI,Q3 1.4 TFSI A/T,1400,AT,G,64,-,-,-,-,-,-,5,4X4,4WD,250,4,4,CBU,Germany
SUZUKI,Jimny  AT,1328,AT,G,51,1650,-,195/55 R15,110,2250,3695 X 1600 X 1705,5,4X4,4WD,-,3,4,CBU,Japan
,New  Jimny  MT,1462,MT,G,40,1435,4090,195/80 R15,102,2250,3625 X 1645 X 1720,4,4X4,4WD,0,4,4,CBU,Japan
,New  Jimny  AT,1462,AT,G,40,1435,4300,195/80 R15,102,2250,3625 X 1645 X 1720,4,4X4,4WD,0,4,4,CBU,Japan
,New  Jimny  2TONE MT,1462,MT,G,40,1435,4090,195/80 R15,102,2250,3625 X 1645 X 1720,4,4X4,4WD,0,4,4,CBU,Japan
,New  Jimny  2TONE AT,1462,AT,G,40,1435,4300,195/80 R15,102,2250,3625 X 1645 X 1720,4,4X4,4WD,0,4,4,CBU,Japan
TOTAL,,,,,,,,,,,,,,,,,,,
CUMULATIVE,,,,,,,,,,,,,,,,,,,
,,,,,,,,,,,,,,,,,,,
AUDI,Q7 3.0 TFSI AT,2995,AT,G,100,2245,4845,265/50/R19,272,3002,5089 x  2002 x  1695,7,4X4,4WD,222,4,4,CBU,Germany
,Q8 3.0 TFSI A/T,2995,AT,G,100,2245,4845,265/50/R19,272,3002,5089 x  2002 x  1695,7,4X4,4WD,222,4,4,CBU,Germany
,Q3 2.0 TFSI,1984,AT,G,64,1640,3765,235/50/R18,211,2603,4385 x  1831 x  1608,5,4X4,4WD,230,4,4,CBU,Germany
,Q5 2.0 TFSI AT,1984,AT,G,75,1845,3692,255/55/R19,225,2807,4629 x  1880 x  1653,5,4X4,4WD,222,4,4,CBU,Germany
BMW,16CV  X3 SDRIVE20I,2000,AT,D,-,-,-,-,-,-,-,-,4X4,4WD,-,4,4,-,-
,KR06 X5 XDRIVE35I,3000,AT,G,-,-,-,-,-,-,-,-,4X4,4WD,-,4,4,CBU,Germany
,KR62 X5 XDRIVE 50i,3000,AT,G,-,-,-,-,-,-,-,-,4X4,4WD,-,4,4,CBU,Germany
,TS02 X3 M,2993,AT,G,-,-,-,-,-,-,-,-,-,-,0,0,4,CKD,INA
,KU22 X6 XDRIVE35I,2979,AT,G,-,-,-,-,-,-,-,-,4X4,4WD,-,4,4,CBU,Germany
,UJ32 X4 XDRIVE30I,1998,-,-,-,-,-,-,-,-,-,-,4X4,4WD,-,-,-,CBU,Germany
,UJ02 X4 M,2993,AT,G,-,-,-,-,-,-,-,-,4X4,4WD,-,-,4,CBU,Germany
,2V12 X4 XDRIVE30I,1998,-,-,-,-,-,-,-,-,-,-,4X4,4WD,-,-,-,CBU,Germany
,76BG X3 SDRIVE20I,2000,AT,D,-,-,-,-,-,-,-,-,4X4,4WD,-,4,4,-,-
,CR62 X5 XDRIVE40I,2998,AT,G,-,-,-,-,-,-,-,-,4X4,4WD,-,-,4,CBU,Germany
,CR66 X5 XDRIVE40I,2998,AT,G,-,-,-,-,-,-,-,-,4X4,4WD,-,-,4,CKD,INA
,KT02 X5 XDRIVE40E IPERFOR,2000,AT,D,-,-,-,-,-,-,-,-,4X4,4WD,-,4,4,CKD,INA
,CR61 X5 XDRIVE40I,2998,AT,G,-,-,-,-,-,-,-,-,4X4,4WD,-,-,4,CKD,INA
,CW22 X7 XDRIVE40I,2998,AT,G,-,-,-,-,-,-,-,-,4X4,4WD,-,4,4,CBU,Germany
,CY62 X6 XDRIVE40I,2998,AT,G,-,-,-,-,-,-,-,-,4X4,4WD,-,4,4,CBU,Germany
ISUZU,MU-X,2499,MT,D,47,2540,-,-,-,-,-,7,4X4,-,-,5,4,CBU,Thailand
,MU-X,2499,MT,D,47,2540,-,-,-,-,-,7,4X4,-,-,5,4,CBU,Thailand
,MU-X,2499,MT,D,47,2540,-,-,-,-,-,7,4X4,-,-,5,4,CBU,Thailand
MAZDA,CX - 9 AWD,2488,AT,G,74,-,-,255/50R20,231,2930,5075 x  1969 x  1747,7,4X4,4WD,-,5,4,CBU,Japan
MERCEDES-BENZ - PC,GLS 400 AMG,2996,AT,G,100,3250,9,295/40 R21,333,3075,"5,130 x  2,141 x  1,850",7,4X4,4WD,-,5,4,CKD,-
,GLE 450 (V167),2999,AT,G,85,3000,9,"275/45, 315/40 R21",367,2995,"4,924 x  2,157 x  1,795",7,4X4,4WD,-,5,4,CBU,-
,GLS 450 (X167),2996,AT,G,100,3250,9,295/40 R21,333,3075,"5,130 x  2,141 x  1,850",7,4X4,4WD,-,5,4,CBU,-
,GLS 450 (X167),2996,AT,G,100,3250,9,295/40 R21,333,3075,"5,130 x  2,141 x  1,850",7,4X4,4WD,-,5,4,CKD,-
,GLE 450 Coupe 4MATIC AMG Line (C167)*,2996,AT,G,100,3250,9,295/40 R21,333,3075,"5,130 x  2,141 x  1,850",7,4X4,4WD,-,5,4,CBU,-
,AMG GLE 53 Coupe 4MATIC+ (C167)*,2996,AT,G,100,3250,9,295/40 R21,333,3075,"5,130 x  2,141 x  1,850",7,4X4,4WD,-,5,4,CBU,-
,GLC 300 Coupe,1991,AT,G,66,2430,9,"235/55, 255/50 R19",245,2873,"4,729 x  2,096 x  1,586",5,4X4,4WD,-,5,4,CBU,-
,GLE 450 (V167),2999,AT,G,85,3000,9,"275/45, 315/40 R21",367,2995,"4,924 x  2,157 x  1,795",7,4X4,4WD,-,5,4,CBU,-
,GLE 400 Coupe,2996,AT,G,93,2850,9,"275/45, 315/40 R21",333,2915,"4,900 x  2,129 x  1,719",5,4X4,4WD,-,5,4,CBU,-
,GLE 43 Coupe,2996,AT,G,93,2880,9,-,367,2915,"4,891 x  2,129 x  1,719",5,4X4,4WD,-,5,4,CBU,-
MITSUBISHI MOTORS,Pajero Sport 2.4L DAKAR (4x4) 8AT,2442,AT,D,68,2710,3692,265/60 R18,181,2800,4785 X 1815 X 1805,7,4X4,4WD,-,4,4,CKD,INA
,Pajero Sport 2.4L DAKAR (4x4) 8AT,2442,AT,D,70,2710,3692,265/60 R18,181,2800,4785 X 1815 X 1805,7,4X4,4WD,-,4,4,CBU,Thailand
,Pajero Sport 2.5L GLX (4x4) 5MT,2477,MT,D,70,2710,4090,265/60 R16,136,2800,4785 X 1815 X 1800,7,4X4,4WD,-,4,4,CKD,INA
,Pajero Sport 2.5L GLX (4x4) 5MT,2477,AT,D,70,2710,4090,265/60 R16,136,2800,4785 X 1815 X 1800,7,4X4,4WD,-,4,4,CBU,Thailand
,Outlander   PHEV,2360,AT,PHEV,45,2390,3789,225/55 R18,128,2670,4695 X 1800 X 1710,5,4X4,AWD,-,4,4,CBU,JPN
NISSAN,Terra VL 2.5 AT 4x4,2488,AT,G,-,-,-,-,-,-,-,-,4X4,-,-,5,4,CBU,-
TOYOTA,Fortuner VRZ 2.4 A/T 4x4 DSL Mi 2020,2393,AT,D,80,0,4.100,265 / 60 R18,149.3 / 3400,2745,4795x1855x1835,7,4X4,AWD,5,5,4,CKD,INA
,Fortuner G 2.4 A/T 4x4 DSL Mi 2020,2393,AT,D,80,0,4.100,265 / 65 R17,149.3 / 3400,2745,4795x1855x1835,7,4X4,AWD,5,5,4,CKD,INA
VOLKWAGEN,Tiguan 2.0,2000,AT,G,-,1611,3949,-,-,2604,4426 x  1809 x  1703,-,4X4,4WD,-,5,4,CBU,Germany
TOTAL,,,,,,,,,,,,,,,,,,,
CUMULATIVE,,,,,,,,,,,,,,,,,,,
,,,,,,,,,,,,,,,,,,,
BMW,KT62 X5 M,4400,AT,G,-,-,-,-,-,-,-,-,4X4,4WD,-,4,4,CBU,Germany
,KR01 X5 XDRIVE35I,4400,AT,G,-,-,-,-,-,-,-,-,4X4,4WD,-,4,4,CBU,Germany
,JU02 X5 M,4395,AT,G,-,-,-,-,-,-,-,-,4X4,4WD,-,-,4,CBU,Germany
LEXUS,Lexus   LX 570,5663,AT,G,138,2635,-,285 / 50 R20,383 / 5600,-,5065X1980X1865,4,4X4,4WD,8,4,4,CBU,Japan
MERCEDES-BENZ - PC,G 63,3982,AT,G,100,3200,9,-,585,2890,"4,873 x  2,187 x  1,969",5,4X4,4WD,-,5,4,CBU,-
TOYOTA,Land Cruiser 200,4700,MT,D,93,3350,-,285 / 65R / 17,235 / 3200,2850,4950 X1970 X905,7,4X4,AWD,-,5,4,CBU,Japan
,Land Cruiser 70,4461,MT,D,93,3350,-,285 / 65R / 17,235 / 3200,2850,4950 X1970 X905,7,4X4,AWD,-,5,4,CBU,Japan
,Fortuner VRZ 2.7 DSL FMC 2015 4x4 AT,2694,AT,D,80,-,4100,265 / 60 R18,149.3 / 3400,2745,4795x1855x1835,7,4X4,AWD,5,5,4,CKD,INA
,Fortuner G 2.7   DSL FMC 4x4 2015 AT,2694,AT,D,80,-,4100,265 / 65 R17,149.3 / 3400,2745,4795x1855x1835,7,4X4,AWD,5,5,4,CKD,INA
VOLKWAGEN,Touareg 3.0 TDI,3000,AT,D,-,2174,4970,255/55/R18,240,2893,4795 x  1940 x  1732,-,4X4,4WD,-,5,4,CBU,Germany
TOTAL,,,,,,,,,,,,,,,,,,,
CUMULATIVE,,,,,,,,,,,,,,,,,,,
,,,,,,,,,,,,,,,,,,,
,,,,,,,,,,,,,,,,,,,
,,,,,,,,,,,,,,,,,,,
,,,,,,,,,,,,,,,,,,,
,,,,,,,,,,,,,,,,,,,
BRAND,MODEL/TYPE,CC,TRANS,FUEL,TANK CAPT,GVW (Kg),GEAR RATIO,WHEEL & TYRE SIZE,PS / HP,WHEEL BASE,"DIMENSION
P x L xT",SEATER,DRIVE SYS.,,SPEED,DOOR,WHEELS,CBU / CKD,ORIGIN COUNTRY
MITSUBISHI FUSO,FE 71 BC - 4 W,3908,MT,D,70,5200,4875,"7,50-15-12PR",110,2500,4890 X 1750 X 2055,3,4X2,FR,116,3,4,CKD,INA
,FE 83 BC - 6 W,3908,MT,D,100,7000,5714,"7,00-16-14PR",110,3350,6260X 1930 X 1576,3,4X2,FR,100,3,6,CKD,INA
,FE 84G BC - 6 W,3908,MT,D,100,8000,6166,"7,50-16-14PR",136,3350,6050 X 2035 X 2210,3,4X2,FR,112,3,6,CKD,INA
HINO,FB 130,4009,MT,D,100,8000,6167,7.50-16-14 PR,130,3780,7045 x  2100 x  1770,27-31,4X2,FR,104.6,-,6,CKD,INA
,Dutro 110 SD-LB,4009,MT,D,100,5200,4625,245/75R16-10PR,110,3205,5420 x  1717 x  2092,23,4X2,FR,126,-,4,CKD,INA
,New  110 SDB,4009,MT,D,100,7000,5125,7.00-16-14R,110,3380,3380 x  6026 x  1864,-,4X2,FR,115,-,4,CKD,INA
,New  110 SDBL,4009,MT,D,100,7000,5125,7.00-16-14R,110,3380,3380 x  6026 x  1864,-,4X2,FR,115,-,4,CKD,INA
TATA,LP 713 Chassis,5675,MT,D,120,7700,3.11,7.5 R 16 - 14 PR,130,3800,7125 x  2092 x  2878,19,4X2,RR,112,2,6,CBU,India
TOYOTA,Dyna ST 110 PS Bus  Long,4009,MT,D,100,5200,4625,7.50-15-12PR,110 / 2800,2530,4745X1717X2120,2,4X2,FR,-,2,4,CKD,INA
,Dyna FT 130 PS Bus  Long,4009,MT,D,100,8250,6428,7.50-16-14PR,130 / 2700,3380,6026X1945X2165,2,4X2,FR,-,2,6,CKD,INA
TOTAL,,,,,,,,,,,,,,,,,,,
CUMULATIVE,,,,,,,,,,,,,,,,,,,
,,,,,,,,,,,,,,,,,,,
HINO,FC 190 J Bus,5123,MT,D,200,10400,6098,8.25-16-14R,190,5320,9150 x  2160 x  2135,40,4X2,FR,112,-,6,CKD,INA
,A  215,7684,MT,D,200,14200,5125,11R225-16PR,215,5800,11180 x  2425 x  2100,43-59,4X2,FR,105,-,6,CKD,INA
,R 260,7684,MT,D,270,14200,4300,11R225-16PR,260,6000,11470 x  2465 x  1890,43-59,4X2,FR,116,-,6,CKD,INA
,RN 285,7684,MT,D,270,16000,4300,11R225-16PR,285,6000,11670 x  2450 x  2020,43-59,4X2,FR,119,-,6,CKD,INA
MERCEDES BENZ - CV,OF 917 MT (WB 4250),3900,MT,D,200,10400,400 - 0.,235/75 R 17.5,170,4250,7447 x  2199,-,4X2,FR,110,-,4,CBU,India
,OF 917 MT (WB 5300),3900,MT,D,200,10400,400 - 0.,235/75 R 17.5,170,5300,8606 x  2199,-,4X2,FR,110,-,4,CBU,India
,OF 917 AT (WB 5300),3900,AT,D,200,10400,100 - 0.,235/75 R 17.5,170,5300,8606 x  2199,-,4X2,FR,110,-,4,CBU,India
,OH 1526,6374,MT,D,300,15000,700 - 0.,11.00 R 22.5,260,5950,11500 x  2498,-,4X2,RR,120,-,4,CKD,INA
,OF 1623,6374,MT,D,380,16000,700 - 0.,11.00 R 22.5,235,5950,11650 x  2480,-,4X2,FR,110,-,4,CBU,India
,OH 1626 L MT,6374,MT,D,300,16000,700 - 0.,11.00 R 22.5,260,5950,12000 x  2498,-,4X2,RR,120,-,4,CKD,INA
,OH 1626 L AT,6374,AT,D,300,16000,3.49 - 0.,11.00 R 22.5,260,5950,12000 x  2498,-,4X2,RR,120,-,4,CKD,INA
,O 500 U 1726,6374,AT,D,210,17000,3.36 - 0.,295 / 80 R 22.5,260,5950,11786 x  2472,-,4X2,RR,60,-,4,CBU,Brazil
,O 500 RS 1836,11967,MT,D,300,18000,528 - 0.,295 / 80 R 22.5,349,6300,12220 x  2458,-,4X2,RR,120,-,4,CKD,INA
SCANIA,K250UB-4X2,9000,AT,D,300,18000,4.88,275/70R22.5,250,6000,12000 x  2500 x  3785,2,4X2,FF,6,2,4,CKD,Sw edia
,K310IB-6X2,9000,AT,D,300,18000,4.88,275/70R22.5,250,6000,12000 x  2500 x  3785,2,6X2,FF,6,2,4,CBU,Sw edia
,K360IB-4X2,13000,AT,D,460,19500,3.07,295/80R22.5,360,6000,12000 x  2500 x  3785,2,4X2,FF,8,2,4,CKD,Sw edia
TOTAL,,,,,,,,,,,,,,,,,,,
CUMULATIVE,,,,,,,,,,,,,,,,,,,
,,,,,,,,,,,,,,,,,,,
MERCEDES BENZ - CV,OC 500 RF 2542 Maxi,11967,AT,D,410,25500,3.36 - 0.,295 / 80 R 22.5,422,6300,13500 x  2400,-,6X2,RR,120,-,6,CBU,Spain
,OC 500 RF 2542 DD,11967,AT,D,410,25500,3.36 - 0.,295 / 80 R 22.5,422,6800,13500 x  2400,-,6X2,RR,100,-,6,CBU,Spain
SCANIA,K320IA-6X2/2,9000,AT,G,1500,26000,5.14,275/70R22.5,320,5200,17590 x  2500 x  1691,2,6X2,FF,6,2,6,CBU,Sw edia
,K410IB-6X2*4,13000,AT,D,460,25000,3.07,295/80R22.5,410,6000,13095 x  2500 x  1680,2,6X2,FF,12,2,6,CBU,Sw edia
TOTAL,,,,,,,,,,,,,,,,,,,
CUMULATIVE,,,,,,,,,,,,,,,,,,,
,,,,,,,,,,,,,,,,,,,
,,,,,,,,,,,,,,,,,,,
,,,,,,,,,,,,,,,,,,,
,,,,,,,,,,,,,,,,,,,
,,,,,,,,,,,,,,,,,,,
,,,,,,,,,,,,,,,,,,,
,,,,,,,,,,,,,,,,,,,
BRAND,MODEL/TYPE,CC,TRANS,FUEL,TANK CAPT,GVW,GEAR RATIO,WHEEL & TYRE SIZE,PS / HP,WHEEL BASE,"DIMENSION
P x L xT",SEATER,DRIVE SYS.,,SPEED,DOOR,WHEEL,CBU / CKD,ORIGIN COUNTRY
CHEVROLET,Colorado Crew  Cab 2.5,2500,MT,D,-,-,-,-,-,-,-,-,4X4,AWD,-,-,-,CBU,Thailand
,Colorado 2.8L High Country  (4x4) A/T,2500,MT,D,76,-,-,245/70/R16,163,3096,5347x2132x1785,5,4X4,AWD,6,2,4,CBU,Thailand
DAIHATSU,Gran Max  PU STD,1298,MT,G,43,1950,5125,175R13-8PR,88,2650,4149X1665X1850,3,4X2,FR,-,2,4,CKD,INA
,Gran Max  PU 3-Way  1.3,1298,MT,G,43,1950,5125,175R13-8PR,88,2650,4195X1675X1890,3,4X2,FR,-,2,4,CKD,INA
,Gran Max  PU 1.3 Deckless,1298,MT,G,43,1950,5125,175R13-8PR,88,2650,4195X1675X1890,3,4X2,FR,-,2,4,CKD,INA
,Gran Max  PU STD,1495,MT,G,43,2100,5125,175R13-8PR,97,2650,4149X1665X1850,3,4X2,FR,-,2,4,CKD,INA
,Gran Max  PU 3-Way  1.5,1495,MT,G,43,2100,5125,175R13-8PR,97,2650,4149X1665X1850,3,4X2,FR,-,2,4,CKD,INA
HYUNDAI - HIM,H-100 PU,2600,MT,G,75,-,-,-,-,-,-,3,4X2,-,-,2,4,CBU,Korea
,H-100 Chs,2600,MT,G,75,-,-,-,-,-,-,3,4X2,-,-,2,4,CBU,Korea
ISUZU,PHR 54 C AB,2499,MT,D,47,2540,-,-,-,-,-,-,4X2,-,-,2,4,CKD,INA
,PHR 54 C BB,2499,MT,D,47,2540,-,-,-,-,-,-,4X2,-,-,2,4,CKD,INA
,Panther PU STD,2499,MT,D,55,1990,4100,165-R13C-8PR,80,2680,"4,360 x  1,650 x  1,725",3,4X2,FR,-,2,4,CKD,INA
,Panther PU F/D,2499,MT,D,55,1990,4100,165-R13C-8PR,80,2680,"4,360 x  1,650 x  1,725",3,4X2,FR,-,2,4,CKD,INA
,Panther PU GD 3 Way,2499,MT,D,55,1990,4100,165-R13C-8PR,80,2680,"4,655 x  1,820 x  1,790",3,4X2,FR,-,2,4,CKD,INA
,D-MAX SC,2499,MT,D,76,2750,4100,245/70/R16,109,3095,"5,215 x  1,860 x  1,780",3,4X4,4WD,-,2,4,CBU,Thailand
KIA,K-2700 BIG-UP PU,2665,MT,D,70,2950,4444,195 R14,58.5/4.150 (kW/rpm),2415,4820 x  1790 x  2070,3,4X2,FR,-,2,4,CBU,Korea
,K-2700 BIG-UP Chs,2665,MT,D,70,2950,4444,195 R14,58.5/4.150 (kW/rpm),2415,4820 x  1790 x  2070,3,4X2,FR,-,2,4,CBU,Korea
MITSUBISHI MOTORS,L300 D P/U FLD,2500,MT,D,47,2450,5286,"7,00-14-8PR",74,2200,4170 X 1700 X 1845,3,4X2,FR,140,2,4,CKD,INA
,L300 D P/U STD,2500,MT,D,47,2450,5286,"7,00-14-8PR",74,2200,4170 X 1700 X 1845,3,4X2,FR,140,2,4,CKD,INA
,L300 D C/H,2500,MT,D,47,2450,5286,"7,00-14-8PR",74,2200,4170 X 1700 X 1845,3,4X2,FR,140,2,4,CKD,INA
,L300 D CC,2477,MT,D,47,2540,5286,"7,00-14-8PR",74,2200,4195 X 1695 X 1820,3,4X2,FR,-,2,4,CKD,INA
,Triton 2.5L SC HDX (4X4) MT,2477,MT,D,75,2760,4636,245/75/R16,178,3000,5080 X 1815 X 1795,5,4X4,4WD,165,4,4,CBU,Thailand
,Triton 2.5L SC GLX (4X2) MT,2477,MT,D,75,2760,4090,205R16C 110/80R 8PR,136,3000,5080 X 1785 X 1780,2,4X2,FR,-,2,4,CBU,Thailand
,Triton 2.5L CC GLX (4X2) MT,2477,MT,D,75,2760,4090,205R16C 110/80R 8PR,136,3000,5080 X 1785 X 1780,2,4X2,FR,-,2,4,CBU,Thailand
SUZUKI,New  Carry  PU FD,1493,MT,G,42,2085,4875,175/70 R13,78.8,1970,3875 X 1570 X 1915,3,4X2,FR,-,2,4,CKD,INA
,New  Carry  PU WD,1493,MT,G,42,2085,4875,175/70 R13,78.8,1970,3875 X 1570 X 1915,3,4X2,FR,-,5,4,CKD,INA
,New  Carry  CH,1493,MT,G,42,2085,4875,175/70 R13,78.8,1970,3875 X 1570 X 1915,3,4X2,FR,-,5,4,CKD,INA
DFSK,DXK1021TYD1 1.3T AC STD (4X2) MT,1248,MT,D,55,2655,-,195R14C-8PR,74,2750,4280 X 1810 X 1890,3,4X2,FR,-,2,4,CKD,INA
,DXK1021TYQ1 1.5 AC STD (4X2) MT,1498,MT,G,55,2460,-,185R14C-8PR,102,2750,4440 X 1810 X 1890,3,4X2,FR,-,2,4,CKD,INA
,DXK1021TYQJ1 1.5 (4X2) MT,1498,MT,G,55,2460,-,185R14C-8PR,102,2750,4440 X 1810 X 1890,3,4X2,FR,-,2,4,CKD,INA
TATA,Super Ace Dle,1405,MT,D,38,2170,4.1,165 R14 - 8 PR,70,2380,4340 x  1565 x  1858,2,4X2,FR,125,5,4,CBU,India
,Super Ace Dls,1405,MT,D,38,2170,4.1,165 R14 - 8 PR,70,2380,4340 x  1565 x  1858,2,4X2,FR,125,5,4,CBU,India
,Super Ace Dls  SC CHA,1405,MT,D,38,2170,4.1,165 R14 - 8 PR,70,2380,4340 x  1565 x  1858,2,4X2,FR,125,2,4,CBU,India
,Xenon RX,2956,MT,D,60,2950,3.7,215/75 R16,73,3150,5361 x  1860 x  1785,2,4X2,FR,120,5,4,CBU,India
,ACE EX2,702,MT,D,-,1550,-,155 R13 LT - 8 PR,16,2100,3800 x  1500 x  1861,2,4X2,FR,70,2,4,CBU,India
,ACE ZIP,611,MT,D,10,1285,6.92,145 R12 LT,11,1650,3020 x  1480 x  1800,2,4X2,FR,50,2,4,CBU,India
,IRIS CNG,611,MT,D,10,1285,6.92,145 R12 LT,11,1650,3020 x  1480 x  1800,2,4X2,FR,50,2,4,CBU,India
,Xenon XT,2179,MT,D,65,2950,3.73,215/75 R 16,140,3150,5125 x  1860 x  1765,5,4X4,4WD,160,4,4,CBU,India
TOYOTA,HiLux  2.4 P/U SC E,2394,MT,D,65,1490,-,255 / 70 R15C,102 / 3600,2750,4800X1760X1680,2,4X2,FR,5,2,4,CBU,Thailand
,HiLux  2.0 P/U SC,2000,MT,G,65,1265,-,205 / 70 R15,136 / 5600,2750,4800X1760X1680,2,4X2,FR,-,2,4,CBU,Thailand
,Hilux  2.4 P/U Single Cab 4x4,2394,AT,D,70,1880,-,255 / 70 R15C,144 / 3400,3085,5260X1835X1850,4,4X4,4WD,-,4,4,CBU,Thailand
TOTAL,,,,,,,,,,,,,,,,,,,
CUMULATIVE,,,,,,,,,,,,,,,,,,,
,,,,,,,,,,,,,,,,,,,
FAW,Mixer Truck (DB130MT),4214,MT,D,80,10000,-,-,-,-,-,-,4X2,-,-,2,4,CBU,China
HINO,Dutro 110 SD STD,4009,MT,D,100,5200,4625,7.50-15-12 PR,110,2530,4745 x  1717 x  2120,2,4X2,FR,126,2,4,CKD,INA
,Dutro 130 HD STD,4009,MT,D,100,7500,5375,7.50-16-14 PR,130,3380,6026 x  1945 x  2165,2,4X2,FR,124,2,6,CKD,INA
,Dutro 130 HD STD 6.4,4009,MT,D,100,8250,6833,7.50-16-14 PR,130,3380,6026 x  1945 x  2165,2,4X2,FR,97,2,6,CKD,INA
,New  110 SDR,4009,MT,D,100,8250,6833,7.50-16-14 PR,130,3380,6026 x  1945 x  2165,2,4X2,FR,97,2,6,CKD,INA
,New  110 SDL,4009,MT,D,100,8250,6833,7.50-16-14 PR,130,3380,6026 x  1945 x  2165,2,4X2,FR,97,2,6,CKD,INA
,New  110 LD,4009,MT,D,100,8250,6833,7.50-16-14 PR,130,3380,6026 x  1945 x  2165,2,4X2,FR,97,2,6,CKD,INA
,New  110 LDL,4009,MT,D,100,8250,6833,7.50-16-14 PR,130,3380,6026 x  1945 x  2165,2,4X2,FR,97,2,6,CKD,INA
,New  130 MD,4009,MT,D,100,8250,6833,7.50-16-14 PR,130,3380,6026 x  1945 x  2165,2,4X2,FR,97,2,6,CKD,INA
,New  130 MDL,4009,MT,D,100,8250,6833,7.50-16-14 PR,130,3380,6026 x  1945 x  2165,2,4X2,FR,97,2,6,CKD,INA
,New  130 HD Cargo,4009,MT,D,100,8250,6833,7.50-16-14 PR,130,3380,6026 x  1945 x  2165,2,4X2,FR,97,2,6,CKD,INA
,New  130 HDL Cargo,4009,MT,D,100,8250,6833,7.50-16-14 PR,130,3380,6026 x  1945 x  2165,2,4X2,FR,97,2,6,CKD,INA
FAW,Chassis  (DD130CG),4214,MT,D,80,7800,4.87,R16-750,130,3860,6860 x  2500 x  2600,2,4X4,4WD,90,2,6,CBU,China
ISUZU,NQR71 EC,4570,MT,D,100,8000,6142,7.50-15-14PR,125,4175,"7,445 x  2,100 x  1,630",-,4X2,FR,110,2,6,CKD,INA
,NMR71T SD,4570,MT,D,100,8250,5375,7.50-15-14PR,125,3360,"6000 x1,920x2,280",3,4X2,FR,107,2,6,CKD,INA
,NMR71T HD 5.8,4570,MT,D,100,8250,5857,7.50-15-14PR,125,3360,"6,000x1,990x2,280",3,4X2,FR,102,2,6,CKD,INA
,NPS 75,4570,MT,D,100,8250,5857,7.50-15-14PR,125,3360,"6,000x1,990x2,280",3,4X2,FR,102,2,6,CBU,Thailand
,NLR55 T,2771,MT,D,75,5100,4.875,7.50-15-10PR,100,2490,"4,700 x  1,835 x  2,200",3,4X2,FR,-,2,4,CKD,INA
,NLR55 B,2771,MT,D,75,5100,4.875,225/75/R16,100,2490,"4,870 x  1,835 x  2,170",16,4X2,FR,-,2,4,CKD,INA
,NLR71 T,4570,MT,D,75,5100,4.556,750-15-12PR,125,2490,"4,700 x  1,835 x  2,200",3,4X2,FR,-,2,4,CKD,INA
,NLR71 BL,4570,MT,D,100,5100,4.3,225/75/R16,125,3360,"6,170 x  1,835 x  2,200",3,4X2,FR,-,2,4,CKD,INA
,NMR71T SDL,4570,MT,D,100,8250,5857,7.50-15-14PR,125,3360,"6,000x1,990x2,280",3,4X2,FR,102,2,6,CKD,INA
MITSUBISHI FUSO,FE 71 - 4 W,3908,MT,D,70,5150,4875,7.50-15-12 PR,110,2500,4735 X 1750 X 2055,3,4X2,FR,116,2,4,CKD,INA
,FE 73 - 6 W,3908,MT,D,100,7000,5714,"7,00-16-14PR",110,3350,5960 X 1870 X 2130,3,4X2,FR,100,2,6,CKD,INA
,FE 73 HD - 6 W,3908,MT,D,100,7000,6166,"7,00-16-14PR",110,3350,5960 X 1870 X 2130,3,4X2,FR,94,2,6,CKD,INA
,FE 74 HDV  - 6 W,3908,MT,D,100,7500,6333,"7,50-16-14PR",125,3350,5960 X 1970 X 2145,3,4X2,FR,113,2,6,CKD,INA
,FE 74 S - 6 W,3908,MT,D,100,7500,5571,"7,50-16-14PR",125,3350,5960 X 1970 X 2145,3,4X2,FR,120,2,6,CKD,INA
,FE 75 SUPER HD - 6 W,3908,MT,D,100,8250,6333,"7,50-16-14PR",136,3350,5960 X 1970 X 2145,3,4X2,FR,113,2,6,CKD,INA
,FE 84 - 6 W,3908,MT,D,100,8000,5714,"7,50-16-14PR",136,3850,6770 X 2035 X 2210,3,4X2,FR,113,2,6,CKD,INA
,FE 84 SHD - 6 W,3908,MT,D,0,8000,0,-,0,0,-,3,4X2,FR,0,2,6,CKD,INA
TATA MOTORS,Ultra 1012/45,3784,MT,D,160,9990,4.857,235/75R 17.5,138,4530,8054x2204x2469,2,4X2,RR,95,2,6,CBU,India
,Ultra 1014/45,2956,MT,D,160,9990,4.857,235/75R 17.5,138,4530,8054x2204x2469,2,4X2,RR,95,2,6,CBU,India
,Ultra 1014/33,2956,MT,D,120,9990,4.857,235/75R 17.5,138,3310,8054x2204x2469,2,4X2,RR,95,2,6,CBU,India
,LPT 913,5675,MT,D,120,9000,3.44,8.25 R 16-16 PR,130,3400,6210 x  2140 x  2341,2,4X2,FR,90,2,6,CBU,India
,LPT 813,5675,MT,D,120,8050,3.111,7.50 R 16 - 14PR,127,3800,6860 x  2155 x  2341,3,4X2,RR,112,2,6,CBU,India
TOYOTA,Dyna ST 110 PS STD,4009,MT,D,100,5200,4625,7.50-15-12PR,110 / 2800,2530,4745X1717X2120,2,4X2,FR,-,2,4,CKD,INA
,Dyna ET 110 PS,4009,MT,D,100,7500,6167,7.50-16-14PR,110 / 2800,3380,6026X1945X2165,2,4X2,FR,-,2,6,CKD,INA
,Dyna HT 130 Hi Gear,4009,MT,D,100,8250,6428,7.50-16-14PR,130 / 2700,3380,6026X1945X2165,2,4X2,FR,-,2,6,CKD,INA
,Dyna HT 130 STD Gear,4009,MT,D,100,8250,6428,7.50-16-14PR,130 / 2700,3380,6026X1945X2165,2,4X2,FR,-,2,6,CKD,INA
,Dyna HT 130 Extreme HI Gear,4009,MT,D,100,8250,6428,7.50-16-14PR,130 / 2700,3380,6026X1945X2165,2,4X2,FR,-,2,6,CKD,INA
TOTAL,,,,,,,,,,,,,,,,,,,
CUMULATIVE,,,,,,,,,,,,,,,,,,,
,,,,,,,,,,,,,,,,,,,
HINO,FG 215 JP,7684,MT,D,200,14200,5857,9.00-20-14 PR,215,5530,9410 x  2400 x  2610,2,4X2,FR,104,2,6,CKD,INA
,FC 190 J,5123,MT,D,200,10400,5142,8.25-16-14 PR,190,5320,8980 x  2175 x  2485,2,4X2,FR,112,2,6,CKD,INA
,FG 235 JJ,7684,MT,D,200,15100,5857,10.00-20-16 PR,235,4280,7520 x  2425 x  2625,2,4X2,FR,94,2,6,CKD,INA
,FG 245 JJ,7684,MT,D,200,15100,6833,10.00-20-16 PR,245,4330,7600 x  2490 x  2755,2,4X2,FR,103,2,6,CKD,INA
,FG 235 JK,7684,MT,D,200,15100,5857,10.00-20-16 PR,235,4600,8010 x  2425 x  2625,2,4X2,FR,94,2,6,CKD,INA
,FG 245 JK,7684,MT,D,200,15100,6428,10.00-20-16 PR,245,4630,8150 x  2490   x  2755,2,4X2,FR,109,2,6,CKD,INA
,FG 235 JL,7684,MT,D,200,15100,5857,10.00-20-16 PR,235,4850,8555 x  2425 x  2625,2,4X2,FR,94,2,6,CKD,INA
,FG 245 JL,7684,MT,D,200,15100,6428,10.00-20-16 PR,245,4780,8650 x  2490 x  2755,2,4X2,FR,109,2,6,CKD,INA
,FG 235 JP,7684,MT,D,200,15100,5857,10.00-20-16 PR,235,5530,9615 x  2425 x  2625,2,4X2,FR,94,2,6,CKD,INA
,FG 245 JP,7684,MT,D,200,15100,5857,10.00-20-16 PR,235,5530,9615 x  2425 x  2625,2,4X2,FR,94,2,6,CKD,INA
,FG 260 JM,7684,MT,D,200,15100,5857,10.00-20-16 PR,260,5050,8680 x  2425 x  2625,2,4X2,FR,94,2,6,CKD,INA
,FG 235 JS,7684,MT,D,200,15100,5857,10.00-20-16 PR,235,6220,10500 x  2455 x  2630,2,4X2,FR,94,2,6,CKD,INA
,FG 235 JU,7684,MT,D,200,15100,6428,10.00-20-16 PR,235,7030,11950 x  2490 x  2750,2,4X2,FR,109,2,6,CKD,INA
FAW,Chassis  (HD310CG),9700,MT,D,400,12020,4.44,R20-11.00,310,900 + 5050 + 13,11950 x  2499 x  3075,2,8X4,FR,0,2,8,CBU,China
ISUZU,FVR34P,7790,MT,D,100,14000,7167,10.00-20-16PR,240,5050,"8,895 x  2,450 x  2,860",3,4X2,FR,95,2,6,CKD,INA
,FRR90,7790,MT,D,200,16000,7167,10.00-20-16PR,240,4250,"7,685 x  2,450 x  2,860",3,4X2,FR,95,2,6,CKD,INA
,FVR34L,7790,MT,D,200,16000,7167,10.00-20-16PR,240,4250,"7,685 x  2,450 x  2,860",3,4X2,FR,95,2,6,CKD,INA
,FVR34S,7790,MT,D,200,16000,7167,10.00-20-16PR,240,6050,"10,495 x  2,450 x  2,860",3,4X2,FR,95,2,6,CKD,INA
,FTR90L,5193,MT,D,100,14000,65,9.00-20-14PR,210,4250,"7,345 x  2,400 x  2,720",3,4X2,FR,107,2,6,CKD,INA
,FVR 34 P TH,5193,MT,D,100,14000,65,9.00-20-14PR,210,4250,"7,345 x  2,400 x  2,720",3,4X2,FR,107,2,6,CKD,INA
,FVM34 Q,7790,MT,D,100,16000,7167,10.00-20-16PR,240,4850+650,"8,810 x  2,450 x  2,860",3,6X2,FR,98,2,6,CKD,INA
,GVR34H,7790,MT,D,200,16000,5125,10.00-20 16PR,285,3450,5948 x  2470 x  2860,3,4X2,FR,95,2,6,CKD,INA
MITSUBISHI FUSO,FM 517 HS (4X2),7545,MT,D,200,14030,6666,10.00-20-16PR,220,4280,7.535 X 2.410 X 2.710,3,4X2,FR,96,2,6,CKD,INA
,FM 517 HL (4X2),7545,MT,D,200,14030,6166,10.00-20-16PR,220,5550,9.405 X 2.410 X 2.710,3,4X2,FR,96,2,6,CKD,INA
,FM 65 FM HI GEAR (4X2),7545,MT,D,200,14030,6166,10.00-20-16PR,220,5550,9.405 X 2.410 X 2.710,3,4X2,FR,96,2,6,CKD,INA
,FM 65 FS HI GEAR (4X2),7545,MT,D,200,14030,6166,10.00-20-16PR,220,5550,9.405 X 2.410 X 2.710,3,4X2,FR,96,2,6,CKD,INA
,FM 65 FSL (4X2),7545,MT,D,200,14030,6166,10.00-20-16PR,220,5550,9.405 X 2.410 X 2.710,3,4X2,FR,96,2,6,CKD,INA
,FM 65 FSL HI GEAR (4X2),7545,MT,D,200,14030,6166,10.00-20-16PR,220,5550,9.405 X 2.410 X 2.710,3,4X2,FR,96,2,6,CKD,INA
,FM 65 FS (4X2),7545,MT,D,200,14030,6166,10.00-20-16PR,220,5550,9.405 X 2.410 X 2.710,3,4X2,FR,96,2,6,CKD,INA
,FM 65 FL HI GEAR (4X2),7545,MT,D,200,14030,6166,10.00-20-16PR,220,5550,9.405 X 2.410 X 2.710,3,4X2,FR,96,2,6,CKD,INA
,FM 65 FL (4X2),7545,MT,D,200,14030,6166,10.00-20-16PR,220,5550,9.405 X 2.410 X 2.710,3,4X2,FR,96,2,6,CKD,INA
,FM 65 FM (4X2),7545,MT,D,200,14030,6166,10.00-20-16PR,220,5550,9.405 X 2.410 X 2.710,3,4X2,FR,96,2,6,CKD,INA
,FEB7 LHD (4X2) M/T,7545,MT,D,-,14030,-,-,-,-,-,3,4X2,FR,-,-,-,CKD,INA
,FN 517 ML2 (6X2),7545,MT,D,200,21000,6666,"10,00-20-16PR",220,7190,11.135 X 2.410 X 2.72,3,6X2,FR,96,2,10,CKD,INA
,FN 61 FS  (6X2),-,MT,D,-,21000,-,-,-,-,-,-,6X4,FR,96,2,10,CKD,INA
,FN 61 FL   (6X2),-,MT,D,-,21000,-,-,-,-,-,-,6X4,FR,96,2,10,CKD,INA
,FN 61 FL HD  (6X2),-,MT,D,-,21000,-,-,-,-,-,-,6X4,FR,96,2,10,CKD,INA
,FN 61 FM HD  (6X2),-,MT,D,-,21000,-,-,-,-,-,-,6X4,FR,96,2,10,CKD,INA
,FN 62 F (6X4),-,MT,D,-,21000,-,-,-,-,-,-,6X4,FR,96,2,10,CKD,INA
,FN 62 FL HD (6X4),-,MT,D,-,21000,-,-,-,-,-,-,6X4,FR,96,2,10,CKD,INA
,FN 62 F HD (6X4),-,MT,D,-,21000,-,-,-,-,-,-,6X4,FR,96,2,10,CKD,INA
,FN 62 F TH (6X4),-,MT,D,-,21000,-,-,-,-,-,-,6X4,FR,96,2,10,CKD,INA
,FI 1217 (4X2) M/T,3907,MT,D,160,12700,6330,"8.25-20,16 PR",170,3760,3.760 X 6.035 X 2.225,3,4X2,FR,80,2,6,CBU,India
MERCEDES BENZ - CV,Axor 1623 C,6373,MT,D,260,16000,700 - 0.,"10.00 - 20, Tube-type",231,3600,6230 x  2490 x  2955,2,4X2,FR,90,2,4,CBU,India
,Axor 1623 R / 51,6373,MT,D,255,16000,700 - 0.,"10.00 - 20, Tube-type",231,5100,9130 x  2490 x  2910,2,4X2,FR,90,2,4,CBU,India
,Axor 1623 R / 60,6373,MT,D,255,16000,700 - 0.,"10.00 - 20, Tube-type",231,6000,10475 x  2490 x  2910,2,4X2,FR,90,2,4,CBU,India
,Axor 4028 T,6373,MT,D,380 + 200,16000,.573 - 1.,"11.00 R 20, Tube-type",280,3600,6100 x  2500 x  2905,2,4X2,FR,90,2,4,CBU,India
UD TRUCKS,CKE25042R,7698,MT,D,315,21000,5570,"11,00-20-16PR",250,5200,"8,975 x  2,500 x  3,220",3,4X2,FR,90,2,6,CBU,Thailand
TOTAL,,,,,,,,,,,,,,,,,,,
CUMULATIVE,,,,,,,,,,,,,,,,,,,
,,,,,,,,,,,,,,,,,,,
FAW,Tractor Head (DB300TH),7700,MT,D,350,41005,-,-,-,-,-,-,4X2,-,-,2,4,CBU,China
,Tractor Head (FD336TH),9726,MT,D,400,60000,-,-,-,-,-,-,6X4,-,-,2,6,CBU,China
,Tractor Head (FD350TH),8600,MT,D,400,49000,4.44,R20-11.00,350,3150 + 1350,6793 x  2500 x  3450,2,6X4,FR,93,2,10,CBU,China
,Tractor Head (FD420TH),11040,MT,D,500,80000,-,-,-,-,-,-,6X4,-,-,2,6,CBU,China
,Tractor Head (FD420TH/J6),11040,MT,D,500,80000,-,-,-,-,-,-,6X4,-,-,2,6,CBU,China
,Chassis  (FD336CG),9726,MT,D,400,32000,-,-,-,-,-,-,6X4,-,-,2,6,CBU,China
,Chassis  (HD360CG),9726,MT,D,400,38000,-,-,-,-,-,-,8X4,-,-,2,8,CBU,China
,Chassis  (HD380CG),9726,MT,D,400,31000,5.921,R20-12.00,380,860 + 4660 + 13,11823 x  2550 x  2990,2,8X4,FR,76,2,12,CBU,China
,Chassis  (FD280CG),7700,MT,D,300,26000,-,-,-,-,-,-,6X4,-,-,2,6,CBU,China
,Damp Truck (FD336DT),9726,MT,D,400,32000,-,-,-,-,-,-,6X4,-,-,2,6,CBU,China
,Damp Truck (FD340DT),9726,MT,D,400,25000,5.921,R20-12.00,340,4150 + 1350,7843 x  2550 x  2550,2,6X4,FR,76,2,10,CBU,China
,Damp Truck (HD360DT),9726,MT,D,400,38000,-,-,-,-,-,-,8X4,-,-,2,8,CBU,China
,Damp Truck (HD380DT),9726,MT,D,400,31000,5.921,R24-12.00,380,860 + 3910 + 14,9563 x  2550 x  2550,2,8X4,FR,80,2,12,CBU,China
,Damp Truck (FD 280DT),7700,MT,D,300,26000,-,-,-,-,-,-,6X4,-,-,2,6,CBU,China
,Mixer Truck (FD280MT),7700,MT,D,300,26000,-,-,-,-,-,-,6X4,-,-,2,6,CBU,China
HINO,SG 260 TH,7684,MT,D,200,34000,5428,10.00-R20-16 PR,260,3280,5545 x  2490 x  2730,2,4X2,FR,100,2,6,CKD,INA
,SG 285 TH,7684,MT,D,200,38000,5285,10.00-R20-16 PR,285,3280,5545 x  2490 x  2730,2,4X2,FR,106,2,6,CKD,INA
,FL 235 JN,7684,MT,D,200,26000,5857,10.00-20-16 PR,235,4130+1300,8480 x  2460 x  2695,2,6X2,FR,94,2,10,CKD,INA
,FL 245 JN,7684,MT,D,200,26000,6833,11.00-20-16 PR,245,4030+1350,8950 x  2490 x  2785,2,6X2,FR,106,2,10,CKD,INA
,FL 235 JW,7684,MT,D,200,26000,5857,10.00-20-16 PR,235,5760+1300,11275 x  2460 x  2695,2,6X2,FR,94,2,10,CKD,INA
,FL 260 JT,7684,MT,D,200,26000,5857,10.00-20-16 PR,260,4980+1300,9730 x  2450 x  2695,2,6X2,FR,94,2,10,CKD,INA
,FL 265 JT,7684,MT,D,200,26000,5857,11.00-20-16 PR,260,4930+1350,9950 x  2490 x  2780,2,6X2,FR,95,2,10,CKD,INA
,FL 265 JW,7684,MT,D,200,26000,5857,11.00-20-16 PR,265,5830+1350,11950 x  2490 x  2780,2,6X2,FR,97,2,10,CKD,INA
,FL 260 JW,7684,MT,D,200,26000,5857,10.00-20-16 PR,260,5760+1300,11275 x  2460 x  2695,2,6X2,FR,94,2,10,CKD,INA
,FM 245 JD,7684,MT,D,200,26000,5857,10.00-20-16 PR,260,5760+1300,11275 x  2460 x  2695,2,6X2,FR,94,2,10,CKD,INA
,FL 245 JW,7684,MT,D,200,26000,5857,10.00-20-16 PR,235,5760+1300,11275 x  2460 x  2695,2,6X2,FR,94,2,10,CKD,INA
,FM 260 JW,7684,MT,D,200,26000,5857,10.00-20-16 PR,260,5760+1300,11275 x  2450 x  2700,2,6X4,FR,86,2,10,CKD,INA
,FM 260 JD,7684,MT,D,200,26000,6428,10.00-20-16 PR,260,4130+1300,8480 x  2450 x  2700,2,6X4,FR,86,2,10,CKD,INA
,FM 285 JW,7684,MT,D,200,26000,5857,10.00-20-16 PR,285,5760+1300,11225 x  2460 x  2700,2,6X4,FR,94,2,10,CKD,INA
,FM 285 JD,7684,MT,D,200,26000,6142,10.00-20-16 PR,285,4130+1300,8480 x  2460 x  2700,2,6X4,FR,90,2,10,CKD,INA
,FM 260 JM,7684,MT,D,200,26000,6428,10.00-20-16 PR,260,3380+1300,7330 x  2450 x  2700,2,6X4,FR,86,2,10,CKD,INA
,FM 285 JM,7684,MT,D,200,26000,6428,11.00-20-16 PR,285,3280+1350,7445 x  2490 x  2785,2,6X4,FR,88,2,10,CKD,INA
,FM 350 PL,10520,MT,D,200,26000,6428,11.00-20-18 PR,350,3480+1350,7645 x  2490 x  2920,2,6X4,FR,98,2,10,CKD,INA
,FM 350 PD,10520,MT,D,200,26000,5857,11.00-20-18 PR,350,3930+1350,8745 x  2490 x  2920,2,6X4,FR,107,2,10,CKD,INA
,FM 265 TH,7684,MT,D,200,35000,5857,11.00-R20-16 PR,265,3280+1350,6745 x  2495 x  2755,2,6X4,FR,97,2,10,CKD,INA
,FM 285 TH,7684,MT,D,200,38000,5857,11.00-R20-16 PR,285,3280+1350,6745 x  2495 x  2755,2,6X4,FR,97,2,10,CKD,INA
,FG 235 TH,7684,MT,D,200,30000,5857,10.00-20-16 PR,235,3450,5665 x  2475 x  2625,2,4X2,FR,94,2,6,CKD,INA
,FG 245 TH,7684,MT,D,200,32000,6428,10.00-R20-16 PR,245,3280,5485 x  2490 x  2750,2,4X2,FR,110,2,6,CKD,INA
,ZY  - HR,12913,MT,D,330,50000,5.41,12.00 R24,410,1850+3750+150,9290 x  2545 x  3205,2,8X4,FR,99,2,12,CBU,Japan
,GY  350 PU,10520,MT,D,200,33000,5857,11.00-20-16 PR,350,1850+3430+135,9295 x  2490 x  2930,2,8X4,FR,103,2,12,CKD,INA
,ZS4141,12913,MT,D,330,41000,7.21,12.00 R24,410,4145+1500,8245 x  2545 x  3205,2,6X4,FR,75,2,10,CBU,Japan
,SS1E,12913,MT,0,330,41000,7.21,12.00 R24,410,4145+1500,8245 x  2545 x  3205,2,6X4,FR,-,2,-,CBU,Japan
,FM 350 TH,10520,MT,D,200,44000,5428,10.00-20-16 PR,350,3380+1300,6615 x  2495 x  2825,2,6X4,FR,112,2,10,CKD,INA
,FM 360 TH CNG,-,-,-,-,-,-,-,-,-,-,-,-,-,-,-,-,CBU,Thailand
ISUZU,FVZ34 P,7790,MT,D,200,26000,6143,10.00-20-16PR,285,4650+650,"8,365 x  2,450 x  2,860",3,6X4,FR,83,2,10,CKD,INA
,FVZ34 T LWB,7790,MT,D,200,26000,6143,10.00-20-16PR,285,6470+650,"11,555 x  2,450 x  2,860",3,6X4,FR,83,2,10,CKD,INA
,GVZ34K,7790,MT,D,200,26000,6143,10.00-20 16PR,285,4100+650,6865 x  2450 x  2860,3,6X4,FR,83,2,10,CKD,INA
,GVR 34 J HR ABS,7790,MT,D,370,38000,5125,10.00-20 16PR,285,3560,5860 x  2485 x  2920,3,4X2,FR,99,2,6,CKD,INA
,GVZ 34 K HP ABS,7790,MT,D,200,38000,6143,11.00-20 16PR,285,3265+1367,6600 x  2495 x  2925,3,6X4,FR,84,2,10,CKD,INA
,GXZ 60 K ABS,7790,MT,D,200,46000,5571,11.00-20 16PR,345,3265+1370,6600 x  2495 x  2925,3,6X4,FR,107,2,10,CKD,INA
MAN TRUCK,"TGS 40,400 BBS-WW",10500,MT,D,400,80000,6.82 : 1,12.00 R 24,400,3900,7592 X 2476 X 3367,3,6X4,FR,89,2,10,CBU,Germany
,"TGS 40,440 BBS-WW",12500,MT,D,400,120000,6.82 : 1,12.00 R 24,440,3900,7592 X 2476 X 1558,3,6X6,FR,89,2,10,CBU,Germany
,"TGS 41,480 BB-WW",12500,AT,D,400,50000,-,-,-,-,-,-,8X4,FR,-,2,12,CBU,Germany
MERCEDES BENZ - CV,Actros  2553 A,15928,MT,D,300,25000,.722 - 0.,325/95 R 24,530,4430,8290 x  2483 x  3494,2,4X4,FA,85,2,4,CBU,Germany
,Actros  2636 LS,12816,AT,D,290 + 430,26000,.930 - 1.,295/80 R 22.5,360,3900,7550 x  2500 x  3936,2,6X4,FR,85,2,6,CBU,Germany
,Actros  3242 LS,12816,AT,D,290,32000,.930 - 1.,295/80 R 22.5,422,3300,6950 x  2500 x  3723,2,6X4,FR,85,2,6,CBU,Germany
,Actros  3939 K,11946,MT,D,300,40000,.722 - 0.,325/95 R 24,394,3780,7440 x  2487 x  3250,2,6X4,FR,85,2,6,CBU,Germany
,Actros  4048 S,12816,AT,D,390,40000,.722 - 0.,325/95 R 24,476,3850,7550 x  2500 x  3656,2,6X4,FR,85,2,6,CBU,Germany
,Actros  4054 S,15928,MT,D,550,40000,.722 - 0.,325/95 R 24,537,3180,6810 x  2487 x  3230,2,6X4,FR,85,2,6,CBU,Germany
,Arocs  2536 L,12816,AT,D,290,25000,.930 - 1.,295/80 R 22.5,360,5100,10550 x  2500 x  3936,2,6X2,FR,85,2,6,CBU,Germany
,Arocs  2545 A,12816,AT,D,390,25000,.722 - 0.,325/95 R 24,449,4500,8150 x  2500 x  3746,2,4X4,FA,85,2,4,CBU,Germany
,Actros  4843 K,11946,AT,D,400,48000,.722 - 0.,325/95 R 24,428,5480,9288 x  2487 x  3345,2,8X4,FR,85,2,8,CBU,Germany
,Arocs  4845 K,12816,AT,D,390,48000,.722 - 0.,325/95 R 24,449,5700,9960 x  2500 x  3905,2,8X4,FR,85,2,8,CBU,Germany
,Axor 2523 R / 45,6373,MT,D,380,25000,700 - 0.,"10.00 R 20, Tube-type",231,4500,9867 x  2490 x  2935,2,6X2,FR,90,2,6,CBU,India
,Axor 2523 R / 4500 (Bogie),6373,MT,D,380,25000,700 - 0.,"10.00 R 20, Tube-type",231,4500,9867 x  2490 x  2935,2,6X2,FR,90,2,6,CBU,India
,Axor 2523 R / 57,6373,MT,D,380,25000,700 - 0.,"10.00 R 20, Tube-type",231,5700,12000 x  2490 x  2935,2,6X2,FR,90,2,6,CBU,India
,Axor 2523 R / 5700 (Bogie),6373,MT,D,380,25000,700 - 0.,"10.00 R 20, Tube-type",231,5700,12000 x  2490 x  2935,2,6X2,FR,90,2,6,CBU,India
,Axor 2528 R,6373,MT,D,380,25000,.573 - 1.,"10.00 R 20, Tube-type",380,5700,12000 x  2490 x  2955,2,6X2,FR,90,2,6,CKD,INA
,Axor 2528 R / 5700 (Bogie),6373,MT,D,380,25000,.573 - 1.,"10.00 R 20, Tube-type",380,5700,12000 x  2490 x  2935,2,6X2,FR,90,2,6,CBU,India
,Axor 2528 C,6373,MT,D,255,26500,.573 - 1.,"11.00 - 20, Tube-type",280,4200,7840 x  2490 x  2955,2,6X4,FR,90,2,6,CKD,INA
,Axor 2528 CH,6373,MT,D,255,26500,.573 - 1.,"11.00 - 20, Tube-type",280,4200,7840 x  2490 x  2990,2,6X4,FR,60,2,6,CBU,India
,Axor 2528 RMC,6373,MT,D,255,26500,.573 - 1.,"11.00 - 20, Tube-type",280,3600,7460 x  2490 x  2955,2,6X4,FR,90,2,6,CKD,INA
,Axor 4928 T,6373,MT,D,380 + 200,26500,.573 - 1.,"11.00 R 20, Tube-type",280,3300,6940 x  2490 x  3145,2,6X4,FR,90,2,6,CBU,India
,Axor 3340 S,11970,AT,D,455,27500,.639 - 0.,"315/80 R 22.5, Tubeless",401,3300,6900 x  2490 x  3362,2,6X4,FR,90,2,6,CBU,India
,Axor 3336 K,11970,AT,D,330,500 tech,.639 - 0.,"315/80 R 22.5, Tubeless",354,4080,7755 x  2490 x  3232,2,6X4,FR,80,2,6,CBU,India
,Axor 3128 CM,6373,MT,D,240,31000,.573 - 1.,"12 R 20, Tube-type",280,4500,8060 x  2490 x  2785,2,8X4,FR,60,2,8,CBU,India
,Axor 4843 K,11970,AT,D,330,000 tech,.639 - 0.,"12.00 R 24, Tube-type",428,5380,9425 x  2490 x  3490,2,8X4,FR,80,2,8,CBU,India
MITSUBISHI FUSO,FN 527 ML   (6X4),7545,MT,D,200,24800,7500,"10,00-20-16PR",220,5450,8.515 X 2.460 X 2.750,3,6X4,FR,76,2,10,CKD,INA
,FN 527 MS  (6X4),7545,MT,D,200,24800,7500,"10,00-20-16PR",220,5320,8.260 X 2.460 X 2.750,3,6X4,FR,103,2,10,CKD,INA
,FJ 2523 (6X2) M/T,6373,MT,D,380,25000,5875,10/R20/ 16PR,230,7050,11.967X2490X2960,3,6X2,FR,90,2,10,CBU,India
,FZY3W T 6X4 M/T,0,MT,D,0,37000,0,-,0,0,-,0,6X4,FR,0,0,0,CBU,-
SCANIA,P360LA-6X4,13000,MT,D,300,41000,3.42,12.00 R20,360,3300,6900 x  2500 x  2856,2,6X4,FF,12,2,6,CBU,Sw edia
,P360CB-6X4,13000,MT,D,300,41000,7.18,12.00 R24,360,4100,9555 x  2590 x  3052,2,6X4,FF,12,2,6,CBU,Sw edia
,P460LA-6X4,13000,MT,D,300,41000,7.18,12.00 R24,460,3300,6990 x  2500 x  2919,2,6X4,FF,12,2,6,CBU,Sw edia
,P460CA-6X6,13000,MT,D,300,41000,7.18,12.00 R24,460,3300,6990 x  2500 x  2919,2,6X4,FF,12,2,6,CBU,Sw edia
,R620-A6X4,16000,MT,D,1000,47000,7.18,12.00 R24,580,3300,7075 x  2500 x  3725,2,6X4,FF,12,2,6,CBU,Sw edia
,P360CB-6X6,13000,MT,D,300,41000,5.14,12.00 R24,360,4250,9555 x  2500 x  3052,2,6X6,FF,9,2,6,CBU,Sw edia
,P410CB-8X4,13000,MT,D,600,50000,7.18,12.00 R24,410,5500,10910 x  2500 x  3011,2,8X4,FF,12,2,8,CBU,Sw edia
,P410-B8X4,0,0,0,0,0,0,-,0,0,-,0,8X4,-,0,0,0,CBU,Sw edia
,P460-B4X4,0,0,0,0,0,0,-,0,0,-,0,4X4,-,0,0,0,CBU,Sw edia
,P460-B8X4,0,0,0,0,0,0,-,0,0,-,0,8X4,-,0,0,0,CBU,Sw edia
TATA MOTORS,Prima 4028.S NON-AC,6700,MT,D,400,34000,5.85,10.00 R 20 - 16 PR,267,3450,6035 x  2500 x  3287,2,4X2,FR,100,2,6,CBU,India
,Prima 4928.S NON-AC,6700,MT,D,400,34000,6.83,10.00 R 20 - 16 PR,267,3895,6857 x  2500 x  3430,2,6X4,FR,100,2,10,CBU,India
,Prima LX 2528K,6700,MT,D,260,25000,5.58,10 x  20 - 16 PR NT,266,4570,7905 x  2500 x  3130,2,6X4,FR,100,2,10,CBU,India
,Prima 3338.K,8898,MT,D,260,33000,7.246,12R 24,380,5250,8488 x  2590 x  3232,2,8X4,FR,66,2,14,CBU,India
UD TRUCKS,GKE28042T,7698,MT,D,315,37000,5570,"11,00-20-16PR",280,3500,"5,940 x  2,500 x  3,228",3,4X2,FR,90,2,8,CKD,INA
,CDE25062R,7898,MT,D,315,26000,5570,"11,00-20-16PR",250,6970,"11,175 x  2,500 x  3,172",3,6X2,FR,90,2,10,CBU,Thailand
,CDE28062R,7898,MT,D,315,26000,5570,"11,00-20-16PR",280,6970,"11,175 x  2,500 x  3,172",3,6X2,FR,90,2,10,CBU,Thailand
,GDE 28062T,7898,MT,D,315,37000,5570,"11,00-20-16PR",280,4770,"7,055 x  2,500 x  3,224",3,6X2,FR,90,2,10,CBU,Thailand
,CWE28064R,7698,MT,D,315,26000,6170,"11,00-20-16PR",280,5670,"7,375 x  2,500 x  3,348",3,6X4,FR,90,2,10,CKD,INA
,CWE37064R,10837,MT,D,405,34000,5140,"11,00-20-16PR",370,5070,"7,375 x  2,500 x  3,224",3,6X4,FR,90,2,10,CKD,INA
,GWE28064T,7898,MT,D,315,37000,6166,"11,00-20-16PR",280,4770,"7,055 x  2,500 x  3,224",3,6X4,FR,90,2,10,CKD,INA
,GWE33064T,7698,MT,D,315,44000,6170,"11,00-20-16PR",330,4770,"7,055 x  2,500 x  3,224",3,6X4,FR,90,2,10,CKD,INA
,GWE37064T,10837,MT,D,405,49000,5140,"11,00-20-16PR",370,4770,"7,055 x  2,500 x  3,167",3,6X4,FR,90,2,10,CKD,INA
,CGE37084R,10837,MT,D,405,41000,6370,"11,00-20-16PR",370,6970,"11,324 x  2,500 x  3,252",3,8X4,FR,90,2,12,CBU,Thailand
TOTAL,,,,,,,,,,,,,,,,,,,
CUMULATIVE,,,,,,,,,,,,,,,,,,,
,,,,,,,,,,,,,,,,,,,
,,,,,,,,,,,,,,,,,,,
,,,,,,,,,,,,,,,,,,,
,,,,,,,,,,,,,,,,,,,
,,,,,,,,,,,,,,,,,,,
BRAND,MODEL/TYPE,CC,TRANS,FUEL,TANK CAPT,GVW (Kg),GEAR RATIO,WHEEL & TYRE SIZE,PS / HP,WHEEL BASE,"DIMENSION
P x L xT",SEATER,DRIVE SYS.,,SPEED,DOOR,WHEEL,CBU / CKD,ORIGIN COUNTRY
DAIHATSU,New  Ayla 1.0 D,998,MT,G,33,770,4643,175/65R14,65,2450,3600X1600X1520,5,4X2,FF,-,5,4,CKD,INA
,New  Ayla 1.0 D+,998,MT,G,33,785,4485,175/65R14,65,2450,3600X1600X1520,5,4X2,FF,-,5,4,CKD,INA
,New  Ayla 1.0 M MT,998,MT,G,33,785,4485,175/65R14,65,2450,3600X1600X1520,5,4X2,FF,-,5,4,CKD,INA
,New  Ayla 1.0 M AT,998,AT,G,33,785,4485,175/65R14,65,2450,3600X1600X1520,5,4X2,FF,-,5,4,CKD,INA
,New  Ayla 1.0 X MT,998,MT,G,33,785,4485,175/65R14,65,2450,3600X1600X1520,5,4X2,FF,-,5,4,CKD,INA
,New  Ayla 1.0 X AT,998,AT,G,33,785,4485,175/65R14,65,2450,3600X1600X1520,5,4X2,FF,-,5,4,CKD,INA
,New  Ayla 1.0 X MT (Airbag),998,MT,G,33,770,4643,175/65R14,65,2450,3600X1600X1520,5,4X2,FF,-,5,4,CKD,INA
,New  Ayla 1.0 X AT (Airbag),998,AT,G,33,785,4485,175/65R14,65,2450,3600X1600X1520,5,4X2,FF,-,5,4,CKD,INA
,New  Ayla 1.2 X MT (Airbag),1197,MT,G,33,785,4485,175/65R14,65,2450,3600X1600X1520,5,4X2,FF,-,5,4,CKD,INA
,New  Ayla 1.2 X AT (Airbag),1197,AT,G,33,785,4485,175/65R14,65,2450,3600X1600X1520,5,4X2,FF,-,5,4,CKD,INA
,New  Ayla 1.2 R MT (Airbag),1197,MT,G,33,785,4485,175/65R14,65,2450,3600X1600X1520,5,4X2,FF,-,5,4,CKD,INA
,New  Ayla 1.2 R AT (Airbag),1197,AT,G,33,785,4485,175/65R14,65,2450,3600X1600X1520,5,4X2,FF,-,5,4,CKD,INA
,New  Ayla 1.0 D (MC 2020),1197,MT,G,33,785,4485,175/65R14,65,2450,3600X1600X1520,5,4X2,FF,-,5,4,CKD,INA
,New  Ayla 1.0 D+ (MC 2020),1197,AT,G,33,785,4485,175/65R14,65,2450,3600X1600X1520,5,4X2,FF,-,5,4,CKD,INA
,New  Ayla 1.0 X MT (MC 2020),1197,MT,G,33,785,4485,175/65R14,65,2450,3600X1600X1520,5,4X2,FF,-,5,4,CKD,INA
,New  Ayla 1.0 X AT (MC 2020),1197,AT,G,33,785,4485,175/65R14,65,2450,3600X1600X1520,5,4X2,FF,-,5,4,CKD,INA
,New  Ayla 1.2 X MT (MC 2020),1197,MT,G,33,785,4485,175/65R14,65,2450,3600X1600X1520,5,4X2,FF,-,5,4,CKD,INA
,New  Ayla 1.2 X AT (MC 2020),1197,AT,G,33,785,4485,175/65R14,65,2450,3600X1600X1520,5,4X2,FF,-,5,4,CKD,INA
,New  Ayla 1.2 R MT (MC 2020),1197,MT,G,33,785,4485,175/65R14,65,2450,3600X1600X1520,5,4X2,FF,-,5,4,CKD,INA
,New  Ayla 1.2 R AT (MC 2020),1197,AT,G,33,785,4485,175/65R14,65,2450,3600X1600X1520,5,4X2,FF,-,5,4,CKD,INA
,New  Sigra 1.0 D MT,998,MT,G,36,1480,5545,155/80 R13,67,2525,4070X1655X1600,7,4X2,FF,-,5,4,CKD,INA
,New  Sigra 1.0 M MT,998,MT,G,36,1480,5545,175/65 R14,67,2525,4070X1655X1600,7,4X2,FF,-,5,4,CKD,INA
,New  Sigra 1.2 X MT,1197,MT,G,36,1500,5077,175/65 R14,88,2525,4070X1655X1600,7,4X2,FF,-,5,4,CKD,INA
,New  Sigra 1.2 X AT,1197,AT,G,36,1500,4839,175/65 R14,88,2525,4070X1655X1600,7,4X2,FF,-,5,4,CKD,INA
,New  Sigra 1.2 R MT,1197,MT,G,36,1500,5077,175/65 R14,88,2525,4070X1655X1600,7,4X2,FF,-,5,4,CKD,INA
,New  Sigra 1.2 R AT,1197,AT,G,36,1570,4839,175/65 R14,88,2525,4070X1655X1600,7,4X2,FF,-,5,4,CKD,INA
DATSUN,Datsun GO+ D 1.2 MT,1198,MT,G,0,0,0,155/70 R13,0,2450,3995 x  1635 x  1490,5+3,4X2,-,-,-,4,CKD,INA
,Datsun GO+ A  1.2 MT,1198,MT,G,0,0,0,155/70 R13,0,2450,3995 x  1635 x  1490,5+3,4X2,-,-,-,4,CKD,INA
,Datsun GO+ A  1.2 CVT,1198,CVT,G,0,0,0,155/70 R13,0,2450,3995 x  1635 x  1490,5+3,4X2,-,-,-,4,CKD,INA
,Datsun GO+ T 1.2 MT,1198,MT,G,0,0,0,155/70 R13,0,2450,3995 x  1635 x  1490,5+3,4X2,-,-,-,4,CKD,INA
,Datsun GO+ T STYLE 1.2 CVT,1198,CVT,G,0,0,0,155/70 R13,0,2450,3785 x  1635 x  1485,5,4X2,-,-,-,4,CKD,INA
,New  Datsun GO D MT,1198,MT,G,0,0,0,155/70 R13,0,2450,3785 x  1635 x  1485,5,4X2,-,-,-,4,CKD,INA
,New  Datsun GO A  MT,1198,MT,G,0,0,0,155/70 R13,0,2450,3785 x  1635 x  1485,5,4X2,-,-,-,4,CKD,INA
,New  Datsun Go T active MT,1198,MT,G,0,0,0,155/70 R14,0,2450,3785 x  1635 x  1485,6,4X2,-,-,-,4,CKD,INA
,New  Datsun GO T Active CVT,1198,CVT,G,0,0,0,165/70 R14,0,2450,3785 x  1635 x  1485,5,4X2,-,-,-,-,CKD,INA
,Datsun Go Live MT,1198,MT,G,0,0,0,175/65 R16,0,2450,3995 x  1670 x  1560,5,4X2,-,-,-,4,CKD,INA
HONDA,Brio SATYA  S,1198,MT,G,35,960,-,-,88,2345,3610 x  1680 x  1485,5,4X2,FF,-,5,4,CKD,INA
,Brio SATYA  E,1198,MT,G,35,960,-,-,88,2345,3610 x  1680 x  1485,5,4X2,FF,-,5,4,CKD,INA
,Brio SATYA  E,1198,AT,G,35,960,-,-,88,2345,3610 x  1680 x  1485,5,4X2,FF,-,5,4,CKD,INA
SUZUKI,Karimun Wagon R GL,998,MT,G,35,1350,4388,145/80 R13,68,2400,3600 X 1475 X 1700,5,4X2,FF,-,5,4,CKD,INA
,Karimun Wagon R GS,998,MT,G,35,1350,4388,145/80 R13,68,2400,3600 X 1475 X 1700,5,4X2,FF,-,5,4,CKD,INA
,Karimun Wagon R GL,998,AT,G,35,1350,4388,145/80 R13,68,2400,3600 X 1475 X 1700,5,4X2,FF,-,5,4,CKD,INA
,Karimun Wagon R GS,998,AT,G,35,1350,4388,145/80 R13,68,2400,3600 X 1475 X 1700,5,4X2,FF,-,5,4,CKD,INA
TOYOTA,New  Agya 1.0 G,1000,MT,G,33,-,4485,175/65R14,65.3 / 6000,2450,3600X1620X1520,5,4X2,FF,-,5,4,CKD,INA
,New  Agya 1.2 G,1200,MT,G,33,-,4485,175/65R14,65.3 / 6000,2450,3600X1620X1520,5,4X2,FF,-,5,4,CKD,INA
,New  Agya1.2 G AT,1200,AT,G,33,-,4485,175/65R14,65.3 / 6000,2450,3600X1620X1520,5,4X2,FF,-,5,4,CKD,INA
,New  Agya1.2 G TRD AT,1200,AT,G,33,-,4485,175/65R14,65.3 / 6000,2450,3600X1620X1520,5,4X2,FF,-,5,4,CKD,INA
,New  Agya1.2 G TRD,1200,MT,G,33,-,4485,175/65R14,65.3 / 6000,2450,3600X1620X1520,5,4X2,FF,-,5,4,CKD,INA
,New  Agya 1.0 G Mi 2020,998,MT,G,33,-,4485,175/65R14,65.3 / 6000,2450,3600X1620X1520,5,4X2,FF,-,5,4,CKD,INA
,New  Agya 1.0 G A/T Mi 2020,998,AT,G,33,-,4485,175/65R14,65.3 / 6000,2450,3600X1620X1520,5,4X2,FF,-,5,4,CKD,INA
,New  Agya 1.2 G Mi 2020,1197,MT,G,33,-,4485,175/65R14,65.3 / 6000,2450,3600X1620X1520,5,4X2,FF,-,5,4,CKD,INA
,New  Agya 1.2 G A/T Mi 2020,1197,AT,G,33,-,4485,175/65R14,65.3 / 6000,2450,3600X1620X1520,5,4X2,FF,-,5,4,CKD,INA
,New  Agya 1.2 G TRD A/T Mi 2020,1197,AT,G,33,-,4485,175/65R14,65.3 / 6000,2450,3600X1620X1520,5,4X2,FF,-,5,4,CKD,INA
,New  Agya 1.2 G TRD Mi 2020,1197,MT,G,33,-,4485,175/65R14,65.3 / 6000,2450,3600X1620X1520,5,4X2,FF,-,5,4,CKD,INA
,Calya 1.2 E STD,1200,MT,G,-,-,-,175/65R14,-,2525,-,7,4X2,FR,5,4,4,CKD,INA
,Calya 1.2 E,1200,MT,G,-,-,-,175/65R14,-,2525,-,7,4X2,FR,5,4,4,CKD,INA
,Calya 1.2 G,1200,MT,G,-,-,-,175/65R14,-,2525,-,7,4X2,FR,5,4,4,CKD,INA
,Calya 1.2 G A/T,1200,AT,G,-,-,-,175/65R14,-,2525,-,7,4X2,FR,4,4,4,CKD,INA
TOTAL,,,,,,,,,,,,,,,,,,,
CUMULATIVE,,,,,,,,,,,,,,,,,,,
,,,,,,,,,,,,,,,,,,,
-,-,-,-,-,-,-,,,,,,,-,,,-,-,-,-
,-,-,-,-,-,-,,,,,,,-,,,-,-,-,-
TOTAL,,,,,,,,,,,,,,,,,,,
CUMULATIVE,,,,,,,,,,,,,,,,,,,
,,,,,,,,,,,,,,,,,,,
,,,,,,,,,,,,,,,,,,,
,,,,,,,,,,,,,,,,,,,
,,,,,,,,,,,,,,,,,,,
,,,,,,,,,,,,,,,,,,,
,,,,,,,,,,,,,,,,,,,
BRAND,MODEL/TYPE,CC,TRANS,FUEL,TANK CAPT,GVW (Kg),GEAR RATIO,WHEEL & TYRE SIZE,PS / HP,WHEEL BASE,DIMENSION,SEATER,DRIVE SYS.,,SPEED,DOOR,WHEEL,CBU / CKD,ORIGIN COUNTRY
ISUZU,D-MAX DC,2499,MT,D,76,2750,4100,245/70/R16,109,3095,"5,190 x  1,860 x  1,785",5,4X4,4WD,-,4,4,CBU,Thailand
,D-MAX Rodeo MT,2499,MT,D,76,2750,4300,245/70/R16,109,3095,"5,190 x  1,860 x  1,785",5,4X4,4WD,-,4,4,CBU,Thailand
,D-MAX Rodeo AT,2999,AT,D,76,2750,3909,255/65/R17,136,3095,"5,295 x  1,860 x  1,795",5,4X4,4WD,-,4,4,CBU,Thailand
MITSUBISHI MOTORS,Triton 2.5L DC Athlete (4X4) AT,2477,AT,D,75,2760,4636,245/75/R16,178,3000,5255 X 1815 X 1795,5,4X4,4WD,165,4,4,CBU,Thailand
,Triton 2.5L DC Athlete (4X4) MT,2477,MT,D,75,2760,4636,245/75/R16,178,3000,5255 X 1815 X 1795,5,4X4,4WD,165,4,4,CBU,Thailand
,Triton 2.5L DC EXCEED (4X4) AT,2477,AT,D,75,2760,4636,245/75/R16,178,3000,5255 X 1815 X 1795,5,4X4,4WD,165,4,4,CBU,Thailand
,Triton 2.5L DC EXCEED (4X4) MT,2477,AT,D,75,2760,4636,245/75/R16,178,3000,5255 X 1815 X 1795,5,4X4,4WD,165,4,4,CBU,Thailand
,Triton SU 2.5L HP-E D CAB Ultimate (4X4) A/T,2442,AT,D,75,2870,4272,265/60 R18,181,3000,5305 X 1815 X 1795,5,4X4,4WD,0,4,4,CBU,Thailand
,Triton 2.5L DC GLS (4X4) MT,2477,MT,D,75,2760,4636,245/75/R16,178,3000,5205 X 1815 X 1795,5,4X4,4WD,165,4,4,CBU,Thailand
,Triton 2.5L DC HDX (4X4) MT,2477,MT,D,75,2760,4636,245/75/R16,178,3000,5205 X 1815 X 1795,5,4X4,4WD,165,4,4,CBU,Thailand
NISSAN,New  Navara SL 2.5 Mid MT,2500,MT,D,-,-,-,-,-,-,-,-,4X4,4WD,-,4,4,CBU,Thailand
,New  Navara VL 2.5 Hi MT,2500,AT,D,-,-,-,-,-,-,-,-,4X4,4WD,-,4,4,CBU,Thailand
,New  Navara VL 2.5 Hi AT,2500,MT,D,75,2860,-,-,-,-,-,-,4X4,4WD,-,4,4,CBU,Thailand
,Navara 2.5 4x4 A/T Autech,2500,AT,D,75,2860,-,-,-,-,-,-,4X4,4WD,-,4,4,CBU,Thailand
TOYOTA,HiLux  2.4 P/U DC E,2394,MT,D,70,1880,-,255 / 70 R15C,144 / 3400,3085,5260X1835X1850,4,4X4,4WD,-,4,4,CBU,Thailand
,HiLux  2.4 P/U DC G,2394,MT,D,70,1880,-,255 / 70 R15C,144 / 3400,3085,5260X1835X1850,4,4X4,4WD,-,4,4,CBU,Thailand
,HiLux  2.4 P/U DC V,2394,AT,D,70,1880,-,255 / 70 R15C,144 / 3400,3085,5260X1835X1850,4,4X4,4WD,-,4,4,CBU,Thailand
TOTAL,,,,,,,,,,,,,,,,,,,
CUMULATIVE,,,,,,,,,,,,,,,,,,,
,,,,,,,,,,,,,,,,,,,
,,,,,,,,,,,,,,,,,,,
,,,,,,,,,,,,,,,,,,,
,,,,,,,,,,,,,,,,,,,
,,,,,,,,,,,,,,,,,,,
,,,,,,,,,,,,,,,,,,,
,,,,,,,,,,,,,,,,,,,
,,,,,,,,,,,,,,,,,,,
,,,,,,,,,,,,,,,,,,,
,,,,,,,,,,,,,,,,,,,
,,,,,,,,,,,,,,,,,,,
,,,,,,,,,,,,,,,,,,,
,,,,,,,,,,,,,,,,,,,
,,,,,,,,,,,,,,,,,,,
,,,,,,,,,,,,,,,,,,,
,,,,,,,,,,,,,,,,,,,
,,,,,,,,,,,,,,,,,,,
,,,,,,,,,,,,,,,,,,,
,,,,,,,,,,,,,,,,,,,
,,,,,,,,,,,,,,,,,,,
,,,,,,,,,,,,,,,,,,,
,,,,,,,,,,,,,,,,,,,
,,,,,,,,,,,,,,,,,,,
,,,,,,,,,,,,,,,,,,,
,,,,,,,,,,,,,,,,,,,
,,,,,,,,,,,,,,,,,,,
,,,,,,,,,,,,,,,,,,,
,,,,,,,,,,,,,,,,,,,
,,,,,,,,,,,,,,,,,,,
,,,,,,,,,,,,,,,,,,,
,,,,,,,,,,,,,,,,,,,
,,,,,,,,,,,,,,,,,,,
,,,,,,,,,,,,,,,,,,,
,,,,,,,,,,,,,,,,,,,
,,,,,,,,,,,,,,,,,,,
,,,,,,,,,,,,,,,,,,,
,,,,,,,,,,,,,,,,,,,
,,,,,,,,,,,,,,,,,,,
,,,,,,,,,,,,,,,,,,,
,,,,,,,,,,,,,,,,,,,
,,,,,,,,,,,,,,,,,,,
,,,,,,,,,,,,,,,,,,,
,,,,,,,,,,,,,,,,,,,
,,,,,,,,,,,,,,,,,,,
,,,,,,,,,,,,,,,,,,,
,,,,,,,,,,,,,,,,,,,
,,,,,,,,,,,,,,,,,,,
,,,,,,,,,,,,,,,,,,,
,,,,,,,,,,,,,,,,,,,
,,,,,,,,,,,,,,,,,,,
,,,,,,,,,,,,,,,,,,,
,,,,,,,,,,,,,,,,,,,
,,,,,,,,,,,,,,,,,,,
,,,,,,,,,,,,,,,,,,,
,,,,,,,,,,,,,,,,,,,
,,,,,,,,,,,,,,,,,,,
,,,,,,,,,,,,,,,,,,,
,,,,,,,,,,,,,,,,,,,
,,,,,,,,,,,,,,,,,,,
,,,,,,,,,,,,,,,,,,,
,,,,,,,,,,,,,,,,,,,
,,,,,,,,,,,,,,,,,,,
,,,,,,,,,,,,,,,,,,,
,,,,,,,,,,,,,,,,,,,
,,,,,,,,,,,,,,,,,,,
,,,,,,,,,,,,,,,,,,,
,,,,,,,,,,,,,,,,,,,
,,,,,,,,,,,,,,,,,,,
,,,,,,,,,,,,,,,,,,,
,,,,,,,,,,,,,,,,,,,
,,,,,,,,,,,,,,,,,,,
,,,,,,,,,,,,,,,,,,,
,,,,,,,,,,,,,,,,,,,
,,,,,,,,,,,,,,,,,,,
,,,,,,,,,,,,,,,,,,,
,,,,,,,,,,,,,,,,,,,
,,,,,,,,,,,,,,,,,,,
,,,,,,,,,,,,,,,,,,,
,,,,,,,,,,,,,,,,,,,
,,,,,,,,,,,,,,,,,,,
,,,,,,,,,,,,,,,,,,,
,,,,,,,,,,,,,,,,,,,
,,,,,,,,,,,,,,,,,,,
,,,,,,,,,,,,,,,,,,,
,,,,,,,,,,,,,,,,,,,
,,,,,,,,,,,,,,,,,,,
,,,,,,,,,,,,,,,,,,,
,,,,,,,,,,,,,,,,,,,
,,,,,,,,,,,,,,,,,,,
,,,,,,,,,,,,,,,,,,,
,,,,,,,,,,,,,,,,,,,
,,,,,,,,,,,,,,,,,,,
,,,,,,,,,,,,,,,,,,,
,,,,,,,,,,,,,,,,,,,
,,,,,,,,,,,,,,,,,,,
,,,,,,,,,,,,,,,,,,,
,,,,,,,,,,,,,,,,,,,
,,,,,,,,,,,,,,,,,,,
,,,,,,,,,,,,,,,,,,,
,,,,,,,,,,,,,,,,,,,
,,,,,,,,,,,,,,,,,,,
,,,,,,,,,,,,,,,,,,,
